log_id,entity,entity_id,action,actor,old_value,new_value,reason,timestamp,model_version
AUDIT_F366587E14,DISRUPTION_RESCHEDULE,BLK-RESCHED-A-01,ACCEPT_RESCHEDULE,TestController,,ACCEPTED,,2026-08-28T00:18:49.194334,1.0.0
AUDIT_6B76C1596A,DISRUPTION_RESCHEDULE,BLK_101,GENERATE_OPTIONS,system,,"feasible=3, infeasible=0",,2026-08-28T00:20:36.829651,1.0.0
AUDIT_223814E52C,DISRUPTION_RESCHEDULE,OPT_101,ACCEPT_RESCHEDULE,Controller,,ACCEPTED,,2026-08-28T00:20:36.894194,1.0.0
AUDIT_06F91D4496,DISRUPTION_RESCHEDULE,BLK-RESCHED-A-01,ACCEPT_RESCHEDULE,TestController,,ACCEPTED,,2026-08-28T00:20:40.717958,1.0.0
AUDIT_51645793A5,DISRUPTION_RESCHEDULE,BLK_101,GENERATE_OPTIONS,system,,"feasible=3, infeasible=0",,2026-08-28T00:29:04.792063,1.0.0
AUDIT_1945A1DDC6,DISRUPTION_RESCHEDULE,OPT_101,ACCEPT_RESCHEDULE,Controller,,ACCEPTED,,2026-08-28T00:29:04.842793,1.0.0
AUDIT_CDA5115C83,DISRUPTION_RESCHEDULE,BLK-RESCHED-A-01,ACCEPT_RESCHEDULE,TestController,,ACCEPTED,,2026-08-28T00:29:10.005344,1.0.0
AUDIT_9F0C038527,DISRUPTION_RESCHEDULE,BLK_101,GENERATE_OPTIONS,system,,"feasible=3, infeasible=0",,2026-08-28T00:31:30.268994,1.0.0
AUDIT_F67EF158CD,DISRUPTION_RESCHEDULE,OPT_101,ACCEPT_RESCHEDULE,Controller,,ACCEPTED,,2026-08-28T00:31:30.302186,1.0.0
AUDIT_7432190D4F,DISRUPTION_RESCHEDULE,BLK-RESCHED-A-01,ACCEPT_RESCHEDULE,TestController,,ACCEPTED,,2026-08-28T00:31:33.968631,1.0.0
AUDIT_D96036565D,DISRUPTION_RESCHEDULE,BLK_101,GENERATE_OPTIONS,system,,"feasible=3, infeasible=0",,2026-08-28T00:42:29.303698,1.0.0
AUDIT_FDD158D2AE,DISRUPTION_RESCHEDULE,OPT_101,ACCEPT_RESCHEDULE,Controller,,ACCEPTED,,2026-08-28T00:42:29.356581,1.0.0
AUDIT_9D2F289E75,DISRUPTION_RESCHEDULE,BLK-RESCHED-A-01,ACCEPT_RESCHEDULE,TestController,,ACCEPTED,,2026-08-28T00:42:33.386684,1.0.0
AUDIT_AB7B0FD27B,DISRUPTION_RESCHEDULE,BLK_101,GENERATE_OPTIONS,system,,"feasible=3, infeasible=0",,2026-08-28T05:05:43.787171,1.0.0
AUDIT_ABF43D8CA2,DISRUPTION_RESCHEDULE,OPT_101,ACCEPT_RESCHEDULE,Controller,,ACCEPTED,,2026-08-28T05:05:43.817777,1.0.0
AUDIT_8BF310D4F3,DISRUPTION_RESCHEDULE,BLK-RESCHED-A-01,ACCEPT_RESCHEDULE,TestController,,ACCEPTED,,2026-08-28T05:05:47.081542,1.0.0
AUDIT_43DE456C52,DISRUPTION_RESCHEDULE,BLK_101,GENERATE_OPTIONS,system,,"feasible=3, infeasible=0",,2026-08-28T05:06:44.190378,1.0.0
AUDIT_0AEB1151F6,DISRUPTION_RESCHEDULE,OPT_101,ACCEPT_RESCHEDULE,Controller,,ACCEPTED,,2026-08-28T05:06:44.251042,1.0.0
AUDIT_4C296B0B45,DISRUPTION_RESCHEDULE,BLK-RESCHED-A-01,ACCEPT_RESCHEDULE,TestController,,ACCEPTED,,2026-08-28T05:06:47.668303,1.0.0
AUDIT_69012540A6,DISRUPTION_RESCHEDULE,BLK_101,GENERATE_OPTIONS,system,,"feasible=2, infeasible=1",,2026-08-28T06:55:33.645978,1.0.0
AUDIT_4220C23BD5,DISRUPTION_RESCHEDULE,OPT_101,ACCEPT_RESCHEDULE,Controller,,ACCEPTED,,2026-08-28T06:55:33.747698,1.0.0
AUDIT_912FA829DC,DISRUPTION_RESCHEDULE,BLK-RESCHED-A-01,ACCEPT_RESCHEDULE,TestController,,ACCEPTED,,2026-08-28T06:55:37.104518,1.0.0
AUDIT_E175227EC2,DISRUPTION_RESCHEDULE,BLK_101,GENERATE_OPTIONS,system,,"feasible=2, infeasible=1",,2026-08-28T07:38:48.073293,1.0.0
AUDIT_A627F7DC39,DISRUPTION_RESCHEDULE,OPT_101,ACCEPT_RESCHEDULE,Controller,,ACCEPTED,,2026-08-28T07:38:48.177996,1.0.0
AUDIT_520FAB3D78,DISRUPTION_RESCHEDULE,BLK-RESCHED-A-01,ACCEPT_RESCHEDULE,TestController,,ACCEPTED,,2026-08-28T07:38:51.208021,1.0.0
AUDIT_1E8F818E41,DISRUPTION_RESCHEDULE,BLK_101,GENERATE_OPTIONS,system,,"feasible=3, infeasible=0",,2026-08-28T20:50:26.989131,1.0.0
AUDIT_E86F826C46,DISRUPTION_RESCHEDULE,OPT_101,ACCEPT_RESCHEDULE,Controller,,ACCEPTED,,2026-08-28T20:50:27.038823,1.0.0
AUDIT_19EA4611E3,DISRUPTION_RESCHEDULE,BLK-RESCHED-A-01,ACCEPT_RESCHEDULE,TestController,,ACCEPTED,,2026-08-28T20:50:30.511571,1.0.0
AUDIT_4F4DCA6FD3,BLOCK_PLAN,RB-528,APPROVE,Section Controller (Controller),PROPOSED,APPROVED,Approved in test,2026-08-28T20:55:59.479101,1.0.0
AUDIT_17A2D78208,BLOCK_PLAN,RB-529,APPROVE,Section Controller (Controller),PROPOSED,APPROVED,Approved after traffic gap verification,2026-08-28T20:55:59.586257,1.0.0
AUDIT_D4CE626F84,BLOCK_PLAN,RB-528,APPROVE,Section Controller (Controller),APPROVED,APPROVED,Approved in test,2026-08-28T20:56:34.489918,1.0.0
AUDIT_C9D6024F05,BLOCK_PLAN,RB-529,APPROVE,Section Controller (Controller),APPROVED,APPROVED,Approved after traffic gap verification,2026-08-28T20:56:34.571267,1.0.0
AUDIT_360702D1DF,BLOCK_PLAN,RB-528,REJECT,Section Controller (Controller),APPROVED,REJECTED,Traffic density conflict during peak hours,2026-08-28T20:56:36.398102,1.0.0
AUDIT_B894D3343D,BLOCK_PLAN,RB-528,REJECT,Section Controller (Controller),REJECTED,REJECTED,Traffic density conflict during peak hours,2026-08-28T20:56:54.177589,1.0.0
AUDIT_670B234613,DISRUPTION_RESCHEDULE,BLK_101,GENERATE_OPTIONS,system,,"feasible=3, infeasible=0",,2026-08-28T20:57:24.276653,1.0.0
AUDIT_3089EAE4A0,DISRUPTION_RESCHEDULE,OPT_101,ACCEPT_RESCHEDULE,Controller,,ACCEPTED,,2026-08-28T20:57:24.320591,1.0.0
AUDIT_E5FB199626,DISRUPTION_RESCHEDULE,BLK-RESCHED-A-01,ACCEPT_RESCHEDULE,TestController,,ACCEPTED,,2026-08-28T20:57:26.779484,1.0.0
AUDIT_F7AEA06F2C,BLOCK_PLAN,RB-530,REJECT,Section Controller (Controller),PROPOSED,REJECTED,Traffic density conflict during peak hours,2026-08-28T20:57:36.831899,1.0.0
AUDIT_BFD9E0107A,DISRUPTION_RESCHEDULE,BLK_101,GENERATE_OPTIONS,system,,"feasible=3, infeasible=0",,2026-08-28T20:58:06.881771,1.0.0
AUDIT_4A25CCA0E3,DISRUPTION_RESCHEDULE,OPT_101,ACCEPT_RESCHEDULE,Controller,,ACCEPTED,,2026-08-28T20:58:06.963175,1.0.0
AUDIT_7A3E72D606,BLOCK_PLAN,RB-528,APPROVE,Section Controller (Controller),REJECTED,APPROVED,Approved in test,2026-08-28T20:58:07.783398,1.0.0
AUDIT_FF1A1146DF,BLOCK_PLAN,RB-529,APPROVE,Section Controller (Controller),APPROVED,APPROVED,Approved after traffic gap verification,2026-08-28T20:58:07.853046,1.0.0
AUDIT_0B7E0B9239,DISRUPTION_RESCHEDULE,BLK-RESCHED-A-01,ACCEPT_RESCHEDULE,TestController,,ACCEPTED,,2026-08-28T20:58:09.411336,1.0.0
AUDIT_4A619EE7DA,BLOCK_PLAN,RB-530,REJECT,Section Controller (Controller),REJECTED,REJECTED,Traffic density conflict during peak hours,2026-08-28T20:58:10.002541,1.0.0
AUDIT_5B2A348973,DISRUPTION_RESCHEDULE,BLK_101,GENERATE_OPTIONS,system,,"feasible=3, infeasible=0",,2026-08-28T20:58:44.822253,1.0.0
AUDIT_2755DB3EEC,DISRUPTION_RESCHEDULE,OPT_101,ACCEPT_RESCHEDULE,Controller,,ACCEPTED,,2026-08-28T20:58:44.886848,1.0.0
AUDIT_12E0FF735A,DISRUPTION_RESCHEDULE,BLK-RESCHED-A-01,ACCEPT_RESCHEDULE,TestController,,ACCEPTED,,2026-08-28T20:58:47.457924,1.0.0
AUDIT_DC52C04875,BLOCK_PLAN,RB-513,APPROVE,Section Controller (Controller),PROPOSED,APPROVED,Approved after traffic gap verification,2026-08-28T21:31:23.341938,1.0.0
AUDIT_A1671263DE,BLOCK_PLAN,RB-417,APPROVE,Section Controller (Controller),PROPOSED,APPROVED,Approved after traffic gap verification,2026-08-29T13:29:18.699612,1.0.0
AUDIT_06769FCB98,BLOCK_PLAN,RB-528,APPROVE,Section Controller (Controller),APPROVED,APPROVED,Approved in test,2026-09-06T20:22:10.830623,1.0.0
AUDIT_41346A8DB1,BLOCK_PLAN,RB-529,APPROVE,Section Controller (Controller),APPROVED,APPROVED,Approved after traffic gap verification,2026-09-06T20:22:10.887781,1.0.0
AUDIT_85FC95194F,BLOCK_PLAN,RB-530,REJECT,Section Controller (Controller),REJECTED,REJECTED,Traffic density conflict during peak hours,2026-09-06T20:22:12.859595,1.0.0
AUDIT_02D06B0C83,DISRUPTION_RESCHEDULE,BLK_101,GENERATE_OPTIONS,system,,"feasible=3, infeasible=0",,2026-09-06T20:22:43.633328,1.0.0
AUDIT_83AF88556D,DISRUPTION_RESCHEDULE,OPT_101,ACCEPT_RESCHEDULE,Controller,,ACCEPTED,,2026-09-06T20:22:43.694196,1.0.0
AUDIT_5EF0CEFB3D,DISRUPTION_RESCHEDULE,BLK-RESCHED-A-01,ACCEPT_RESCHEDULE,TestController,,ACCEPTED,,2026-09-06T20:22:47.082894,1.0.0
AUDIT_5BB7D8B6A8,BLOCK_PLAN,RB-528,APPROVE,Section Controller (Controller),APPROVED,APPROVED,Approved in test,2026-09-06T20:40:41.693827,1.0.0
AUDIT_1C5D3E5C5E,BLOCK_PLAN,RB-529,APPROVE,Section Controller (Controller),APPROVED,APPROVED,Approved after traffic gap verification,2026-09-06T20:40:41.742948,1.0.0
AUDIT_4BBCF87F89,BLOCK_PLAN,RB-530,REJECT,Section Controller (Controller),REJECTED,REJECTED,Traffic density conflict during peak hours,2026-09-06T20:40:44.586667,1.0.0
AUDIT_FC8ACEF2C9,DISRUPTION_RESCHEDULE,BLK_101,GENERATE_OPTIONS,system,,"feasible=3, infeasible=0",,2026-09-06T20:41:23.903446,1.0.0
AUDIT_7013B85C6C,DISRUPTION_RESCHEDULE,OPT_101,ACCEPT_RESCHEDULE,Controller,,ACCEPTED,,2026-09-06T20:41:23.958534,1.0.0
AUDIT_5A25E0E30D,DISRUPTION_RESCHEDULE,BLK-RESCHED-A-01,ACCEPT_RESCHEDULE,TestController,,ACCEPTED,,2026-09-06T20:41:27.570478,1.0.0
AUDIT_D3D8A58957,BLOCK_PLAN,RB-528,APPROVE,Section Controller (Controller),APPROVED,APPROVED,Approved in test,2026-09-06T20:44:40.526067,1.0.0
AUDIT_0A607C6322,BLOCK_PLAN,RB-529,APPROVE,Section Controller (Controller),APPROVED,APPROVED,Approved after traffic gap verification,2026-09-06T20:44:40.580191,1.0.0
AUDIT_D14C668B29,BLOCK_PLAN,RB-530,REJECT,Section Controller (Controller),REJECTED,REJECTED,Traffic density conflict during peak hours,2026-09-06T20:44:43.197197,1.0.0
AUDIT_0A51EA089D,DISRUPTION_RESCHEDULE,BLK_101,GENERATE_OPTIONS,system,,"feasible=3, infeasible=0",,2026-09-06T20:45:18.913232,1.0.0
AUDIT_337EA85431,DISRUPTION_RESCHEDULE,OPT_101,ACCEPT_RESCHEDULE,Controller,,ACCEPTED,,2026-09-06T20:45:18.953291,1.0.0
AUDIT_F3E3E91949,DISRUPTION_RESCHEDULE,BLK-RESCHED-A-01,ACCEPT_RESCHEDULE,TestController,,ACCEPTED,,2026-09-06T20:45:22.447448,1.0.0
AUDIT_245D9B6977,BLOCK_PLAN,RB-528,APPROVE,Section Controller (Controller),APPROVED,APPROVED,Approved in test,2026-09-06T21:01:16.961675,1.0.0
AUDIT_9CFED2DD0B,BLOCK_PLAN,RB-529,APPROVE,Section Controller (Controller),APPROVED,APPROVED,Approved after traffic gap verification,2026-09-06T21:01:17.028017,1.0.0
AUDIT_D4299799C0,BLOCK_PLAN,RB-530,REJECT,Section Controller (Controller),REJECTED,REJECTED,Traffic density conflict during peak hours,2026-09-06T21:01:19.357710,1.0.0
AUDIT_DB0E91513C,DISRUPTION_RESCHEDULE,BLK_101,GENERATE_OPTIONS,system,,"feasible=3, infeasible=0, rl_used=False",,2026-09-06T21:01:56.219089,1.0.0
AUDIT_970E65D344,DISRUPTION_RESCHEDULE,OPT_101,ACCEPT_RESCHEDULE,Controller,,ACCEPTED,,2026-09-06T21:01:56.288719,1.0.0
AUDIT_48128516A2,DISRUPTION_RESCHEDULE,BLK-RESCHED-A-01,ACCEPT_RESCHEDULE,TestController,,ACCEPTED,,2026-09-06T21:01:59.260910,1.0.0
AUDIT_B89C42222F,BLOCK_PLAN,RB-528,APPROVE,Section Controller (Controller),APPROVED,APPROVED,Approved in test,2026-09-06T21:12:50.711165,1.0.0
AUDIT_51FD83B4D6,BLOCK_PLAN,RB-529,APPROVE,Section Controller (Controller),APPROVED,APPROVED,Approved after traffic gap verification,2026-09-06T21:12:50.776240,1.0.0
AUDIT_CB6D1F6D21,BLOCK_PLAN,RB-530,REJECT,Section Controller (Controller),REJECTED,REJECTED,Traffic density conflict during peak hours,2026-09-06T21:12:53.555514,1.0.0
AUDIT_98C1A30E08,DISRUPTION_RESCHEDULE,BLK_101,GENERATE_OPTIONS,system,,"feasible=3, infeasible=0, rl_used=False",,2026-09-06T21:13:39.744342,1.0.0
AUDIT_2D3623FD2E,DISRUPTION_RESCHEDULE,OPT_101,ACCEPT_RESCHEDULE,Controller,,ACCEPTED,,2026-09-06T21:13:39.837674,1.0.0
AUDIT_16BC58DA1C,DISRUPTION_RESCHEDULE,BLK-RESCHED-A-01,ACCEPT_RESCHEDULE,TestController,,ACCEPTED,,2026-09-06T21:13:43.248713,1.0.0
AUDIT_DEAC03D48A,BLOCK_PLAN,RB-528,APPROVE,Section Controller (Controller),APPROVED,APPROVED,Approved in test,2026-09-06T21:20:16.497443,1.0.0
AUDIT_10DCF370C7,BLOCK_PLAN,RB-529,APPROVE,Section Controller (Controller),APPROVED,APPROVED,Approved after traffic gap verification,2026-09-06T21:20:16.560880,1.0.0
AUDIT_D49B9A328E,BLOCK_PLAN,RB-530,REJECT,Section Controller (Controller),REJECTED,REJECTED,Traffic density conflict during peak hours,2026-09-06T21:20:19.613927,1.0.0
AUDIT_4026421B36,DISRUPTION_RESCHEDULE,BLK_101,GENERATE_OPTIONS,system,,"feasible=3, infeasible=0, rl_used=False",,2026-09-06T21:21:06.560596,1.0.0
AUDIT_E6E0D9FF64,DISRUPTION_RESCHEDULE,OPT_101,ACCEPT_RESCHEDULE,Controller,,ACCEPTED,,2026-09-06T21:21:06.633942,1.0.0
AUDIT_6D51A8CA46,DISRUPTION_RESCHEDULE,BLK-RESCHED-A-01,ACCEPT_RESCHEDULE,TestController,,ACCEPTED,,2026-09-06T21:21:10.235680,1.0.0
AUDIT_8F3DFD27CE,DISRUPTION_RESCHEDULE,BLK_101,GENERATE_OPTIONS,system,,"feasible=3, infeasible=0, rl_used=False",,2026-09-06T21:23:30.012891,1.0.0
AUDIT_C29529453E,DISRUPTION_RESCHEDULE,OPT_101,ACCEPT_RESCHEDULE,Controller,,ACCEPTED,,2026-09-06T21:23:30.103237,1.0.0
AUDIT_073D2C2720,DISRUPTION_RESCHEDULE,BLK_101,GENERATE_OPTIONS,system,,"feasible=3, infeasible=0, rl_used=False",,2026-09-06T21:30:22.681760,1.0.0
AUDIT_A20BA51EAC,DISRUPTION_RESCHEDULE,OPT_101,ACCEPT_RESCHEDULE,Controller,,ACCEPTED,,2026-09-06T21:30:22.732037,1.0.0
AUDIT_710E2793B9,BLOCK_PLAN,RB-528,APPROVE,Section Controller (Controller),APPROVED,APPROVED,Approved in test,2026-09-06T21:31:39.591467,1.0.0
AUDIT_912E7157A6,BLOCK_PLAN,RB-529,APPROVE,Section Controller (Controller),APPROVED,APPROVED,Approved after traffic gap verification,2026-09-06T21:31:39.679958,1.0.0
AUDIT_A83FA3D2F5,BLOCK_PLAN,RB-530,REJECT,Section Controller (Controller),REJECTED,REJECTED,Traffic density conflict during peak hours,2026-09-06T21:31:43.521727,1.0.0
AUDIT_D6136603FA,BLOCK_PLAN,RB-528,APPROVE,Section Controller (Controller),APPROVED,APPROVED,Approved in test,2026-09-06T21:32:20.097966,1.0.0
AUDIT_5DD5E4A3A4,BLOCK_PLAN,RB-529,APPROVE,Section Controller (Controller),APPROVED,APPROVED,Approved after traffic gap verification,2026-09-06T21:32:20.268497,1.0.0
AUDIT_9595A4B5B3,BLOCK_PLAN,RB-530,REJECT,Section Controller (Controller),REJECTED,REJECTED,Traffic density conflict during peak hours,2026-09-06T21:32:27.191845,1.0.0
AUDIT_071562CD3F,DISRUPTION_RESCHEDULE,BLK_101,GENERATE_OPTIONS,system,,"feasible=3, infeasible=0, rl_used=False",,2026-09-06T21:33:25.803703,1.0.0
AUDIT_EB3AB17179,DISRUPTION_RESCHEDULE,OPT_101,ACCEPT_RESCHEDULE,Controller,,ACCEPTED,,2026-09-06T21:33:25.914277,1.0.0
AUDIT_5DA6177F82,DISRUPTION_RESCHEDULE,BLK-RESCHED-A-01,ACCEPT_RESCHEDULE,TestController,,ACCEPTED,,2026-09-06T21:33:36.085051,1.0.0
