signal_id,signal_type,section_id,equivalent_km
SIG_SEC_001_0001,Starter,SEC_001,0.191
SIG_SEC_001_0002,Distant,SEC_001,3.055
SIG_SEC_001_0003,Point Machine,SEC_001,7.16
SIG_SEC_001_0004,Home,SEC_001,7.969
SIG_SEC_001_0005,Distant,SEC_001,8.25
SIG_SEC_002_0006,Starter,SEC_002,10.185
SIG_SEC_002_0007,Point Machine,SEC_002,11.133
SIG_SEC_002_0008,Starter,SEC_002,13.425
SIG_SEC_002_0009,Distant,SEC_002,13.568
SIG_SEC_003_0010,Point Machine,SEC_003,13.749
SIG_SEC_003_0011,Point Machine,SEC_003,14.922
SIG_SEC_003_0012,Starter,SEC_003,15.979
SIG_SEC_003_0013,Starter,SEC_003,17.474
SIG_SEC_003_0014,Home,SEC_003,17.856
SIG_SEC_004_0015,Home,SEC_004,23.377
SIG_SEC_004_0016,Axle Counter,SEC_004,25.232
SIG_SEC_004_0017,Axle Counter,SEC_004,25.251
SIG_SEC_004_0018,Point Machine,SEC_004,26.244
SIG_SEC_005_0019,Distant,SEC_005,26.51
SIG_SEC_005_0020,Home,SEC_005,26.528
SIG_SEC_006_0021,Point Machine,SEC_006,27.486
SIG_SEC_006_0022,Axle Counter,SEC_006,27.629
SIG_SEC_006_0023,Home,SEC_006,28.824
SIG_SEC_006_0024,Point Machine,SEC_006,28.992
SIG_SEC_006_0025,Distant,SEC_006,31.06
SIG_SEC_007_0026,Distant,SEC_007,34.965
SIG_SEC_007_0027,Point Machine,SEC_007,35.626
SIG_SEC_008_0028,Axle Counter,SEC_008,38.643
SIG_SEC_008_0029,Point Machine,SEC_008,38.79
SIG_SEC_008_0030,Starter,SEC_008,39.344
SIG_SEC_009_0031,Point Machine,SEC_009,39.954
SIG_SEC_009_0032,Starter,SEC_009,41.894
SIG_SEC_009_0033,Axle Counter,SEC_009,43.804
SIG_SEC_009_0034,Distant,SEC_009,44.387
SIG_SEC_010_0035,Axle Counter,SEC_010,45.959
SIG_SEC_010_0036,Distant,SEC_010,45.961
SIG_SEC_010_0037,Starter,SEC_010,45.976
SIG_SEC_010_0038,Home,SEC_010,45.981
SIG_SEC_010_0039,Axle Counter,SEC_010,45.984
SIG_SEC_011_0040,Distant,SEC_011,47.302
SIG_SEC_011_0041,Home,SEC_011,52.027
SIG_SEC_011_0042,Distant,SEC_011,52.418
SIG_SEC_012_0043,Axle Counter,SEC_012,58.255
SIG_SEC_012_0044,Point Machine,SEC_012,58.966
SIG_SEC_012_0045,Axle Counter,SEC_012,59.032
SIG_SEC_012_0046,Point Machine,SEC_012,59.718
SIG_SEC_012_0047,Starter,SEC_012,61.079
SIG_SEC_013_0048,Distant,SEC_013,62.918
SIG_SEC_013_0049,Home,SEC_013,63.612
SIG_SEC_013_0050,Point Machine,SEC_013,64.433
SIG_SEC_014_0051,Point Machine,SEC_014,68.229
SIG_SEC_014_0052,Point Machine,SEC_014,69.026
SIG_SEC_014_0053,Axle Counter,SEC_014,69.814
SIG_SEC_014_0054,Starter,SEC_014,71.044
SIG_SEC_015_0055,Starter,SEC_015,71.595
SIG_SEC_015_0056,Point Machine,SEC_015,73.635
SIG_SEC_015_0057,Axle Counter,SEC_015,73.894
SIG_SEC_015_0058,Starter,SEC_015,74.189
SIG_SEC_016_0059,Starter,SEC_016,74.372
SIG_SEC_016_0060,Axle Counter,SEC_016,74.394
SIG_SEC_016_0061,Point Machine,SEC_016,74.413
SIG_SEC_016_0062,Axle Counter,SEC_016,74.414
SIG_SEC_017_0063,Axle Counter,SEC_017,74.599
SIG_SEC_017_0064,Starter,SEC_017,74.865
SIG_SEC_017_0065,Axle Counter,SEC_017,75.578
SIG_SEC_017_0066,Axle Counter,SEC_017,76.958
SIG_SEC_018_0067,Starter,SEC_018,78.597
SIG_SEC_018_0068,Starter,SEC_018,81.778
SIG_SEC_018_0069,Axle Counter,SEC_018,83.178
SIG_SEC_018_0070,Distant,SEC_018,85.497
SIG_SEC_018_0071,Axle Counter,SEC_018,87.291
SIG_SEC_019_0072,Axle Counter,SEC_019,87.584
SIG_SEC_019_0073,Distant,SEC_019,87.588
SIG_SEC_019_0074,Home,SEC_019,87.688
SIG_SEC_020_0075,Point Machine,SEC_020,88.519
SIG_SEC_020_0076,Distant,SEC_020,88.541
SIG_SEC_020_0077,Home,SEC_020,88.568
SIG_SEC_020_0078,Axle Counter,SEC_020,88.59
SIG_SEC_020_0079,Distant,SEC_020,88.642
SIG_SEC_021_0080,Point Machine,SEC_021,88.852
SIG_SEC_021_0081,Axle Counter,SEC_021,89.944
SIG_SEC_022_0082,Point Machine,SEC_022,90.319
SIG_SEC_022_0083,Point Machine,SEC_022,91.484
SIG_SEC_022_0084,Distant,SEC_022,92.349
SIG_SEC_022_0085,Distant,SEC_022,93.034
SIG_SEC_023_0086,Axle Counter,SEC_023,93.59
SIG_SEC_023_0087,Point Machine,SEC_023,93.615
SIG_SEC_023_0088,Starter,SEC_023,93.87
SIG_SEC_024_0089,Distant,SEC_024,94.232
SIG_SEC_024_0090,Point Machine,SEC_024,94.329
SIG_SEC_024_0091,Home,SEC_024,95.013
SIG_SEC_025_0092,Distant,SEC_025,99.839
SIG_SEC_025_0093,Point Machine,SEC_025,106.376
SIG_SEC_025_0094,Starter,SEC_025,107.77
SIG_SEC_025_0095,Starter,SEC_025,110.738
SIG_SEC_026_0096,Axle Counter,SEC_026,119.574
SIG_SEC_026_0097,Point Machine,SEC_026,125.983
SIG_SEC_027_0098,Starter,SEC_027,126.431
SIG_SEC_027_0099,Home,SEC_027,127.028
SIG_SEC_027_0100,Distant,SEC_027,127.27
SIG_SEC_027_0101,Home,SEC_027,128.239
SIG_SEC_028_0102,Distant,SEC_028,128.624
SIG_SEC_028_0103,Starter,SEC_028,129.553
SIG_SEC_029_0104,Point Machine,SEC_029,134.538
SIG_SEC_029_0105,Axle Counter,SEC_029,134.733
SIG_SEC_029_0106,Distant,SEC_029,135.036
SIG_SEC_029_0107,Distant,SEC_029,135.569
SIG_SEC_029_0108,Axle Counter,SEC_029,136.091
SIG_SEC_030_0109,Distant,SEC_030,137.184
SIG_SEC_030_0110,Axle Counter,SEC_030,137.742
SIG_SEC_030_0111,Point Machine,SEC_030,138.78
SIG_SEC_031_0112,Starter,SEC_031,139.262
SIG_SEC_031_0113,Axle Counter,SEC_031,139.445
SIG_SEC_032_0114,Distant,SEC_032,141.056
SIG_SEC_032_0115,Axle Counter,SEC_032,142.511
SIG_SEC_033_0116,Distant,SEC_033,149.938
SIG_SEC_033_0117,Starter,SEC_033,150.523
SIG_SEC_034_0118,Point Machine,SEC_034,151.37
SIG_SEC_034_0119,Axle Counter,SEC_034,151.391
SIG_SEC_034_0120,Distant,SEC_034,151.499
SIG_SEC_034_0121,Point Machine,SEC_034,151.575
SIG_SEC_034_0122,Starter,SEC_034,151.673
SIG_SEC_035_0123,Starter,SEC_035,152.004
SIG_SEC_035_0124,Point Machine,SEC_035,153.126
SIG_SEC_036_0125,Axle Counter,SEC_036,154.315
SIG_SEC_036_0126,Axle Counter,SEC_036,154.629
SIG_SEC_036_0127,Axle Counter,SEC_036,154.692
SIG_SEC_037_0128,Home,SEC_037,155.228
SIG_SEC_037_0129,Distant,SEC_037,155.263
SIG_SEC_037_0130,Starter,SEC_037,155.52
SIG_SEC_037_0131,Point Machine,SEC_037,155.817
SIG_SEC_038_0132,Point Machine,SEC_038,156.875
SIG_SEC_038_0133,Home,SEC_038,157.093
SIG_SEC_038_0134,Axle Counter,SEC_038,158.076
SIG_SEC_039_0135,Home,SEC_039,161.11
SIG_SEC_039_0136,Home,SEC_039,161.439
SIG_SEC_039_0137,Distant,SEC_039,161.758
SIG_SEC_039_0138,Home,SEC_039,161.836
SIG_SEC_040_0139,Axle Counter,SEC_040,163.956
SIG_SEC_040_0140,Home,SEC_040,164.38
SIG_SEC_040_0141,Distant,SEC_040,164.396
SIG_SEC_041_0142,Starter,SEC_041,165.131
SIG_SEC_041_0143,Distant,SEC_041,165.56
SIG_SEC_041_0144,Distant,SEC_041,165.61
SIG_SEC_042_0145,Distant,SEC_042,165.808
SIG_SEC_042_0146,Distant,SEC_042,165.816
SIG_SEC_042_0147,Axle Counter,SEC_042,165.827
SIG_SEC_042_0148,Starter,SEC_042,165.842
SIG_SEC_043_0149,Home,SEC_043,168.239
SIG_SEC_043_0150,Home,SEC_043,169.501
SIG_SEC_044_0151,Home,SEC_044,171.114
SIG_SEC_044_0152,Axle Counter,SEC_044,171.983
SIG_SEC_044_0153,Home,SEC_044,172.321
SIG_SEC_044_0154,Home,SEC_044,177.241
SIG_SEC_045_0155,Home,SEC_045,179.473
SIG_SEC_045_0156,Starter,SEC_045,181.957
SIG_SEC_046_0157,Starter,SEC_046,184.587
SIG_SEC_046_0158,Distant,SEC_046,191.317
SIG_SEC_047_0159,Distant,SEC_047,192.691
SIG_SEC_047_0160,Axle Counter,SEC_047,192.743
SIG_SEC_047_0161,Starter,SEC_047,192.95
SIG_SEC_047_0162,Starter,SEC_047,193.038
SIG_SEC_047_0163,Axle Counter,SEC_047,193.084
SIG_SEC_048_0164,Starter,SEC_048,193.526
SIG_SEC_048_0165,Point Machine,SEC_048,193.564
SIG_SEC_048_0166,Home,SEC_048,193.96
SIG_SEC_048_0167,Point Machine,SEC_048,194.111
SIG_SEC_049_0168,Distant,SEC_049,194.67
SIG_SEC_049_0169,Axle Counter,SEC_049,196.042
SIG_SEC_049_0170,Home,SEC_049,196.594
