financial_year,track_type,metric,value,unit,aggregation_level,source,source_url
1950-51,broad_gauge,train_km_per_running_track_km_per_day,17.0,train_km/running_track_km/day,national,OGD_68_Railway_Key_Statistics_1950-51_to_2013-14,https://data.gov.in/resource/railway-key-statistics
1950-51,broad_gauge,passenger_km_per_route_km_per_annum,1765.0,000s_passenger_km/route_km/year,national,OGD_68_Railway_Key_Statistics_1950-51_to_2013-14,https://data.gov.in/resource/railway-key-statistics
1950-51,broad_gauge,net_tonne_km_per_route_km_per_annum,1502.0,000s_net_tonne_km/route_km/year,national,OGD_68_Railway_Key_Statistics_1950-51_to_2013-14,https://data.gov.in/resource/railway-key-statistics
1950-51,meter_gauge,train_km_per_running_track_km_per_day,10.5,train_km/running_track_km/day,national,OGD_68_Railway_Key_Statistics_1950-51_to_2013-14,https://data.gov.in/resource/railway-key-statistics
1950-51,meter_gauge,passenger_km_per_route_km_per_annum,853.0,000s_passenger_km/route_km/year,national,OGD_68_Railway_Key_Statistics_1950-51_to_2013-14,https://data.gov.in/resource/railway-key-statistics
1950-51,meter_gauge,net_tonne_km_per_route_km_per_annum,245.0,000s_net_tonne_km/route_km/year,national,OGD_68_Railway_Key_Statistics_1950-51_to_2013-14,https://data.gov.in/resource/railway-key-statistics
1955-56,broad_gauge,train_km_per_running_track_km_per_day,18.7,train_km/running_track_km/day,national,OGD_68_Railway_Key_Statistics_1950-51_to_2013-14,https://data.gov.in/resource/railway-key-statistics
1955-56,broad_gauge,passenger_km_per_route_km_per_annum,1619.0,000s_passenger_km/route_km/year,national,OGD_68_Railway_Key_Statistics_1950-51_to_2013-14,https://data.gov.in/resource/railway-key-statistics
1955-56,broad_gauge,net_tonne_km_per_route_km_per_annum,1942.0,000s_net_tonne_km/route_km/year,national,OGD_68_Railway_Key_Statistics_1950-51_to_2013-14,https://data.gov.in/resource/railway-key-statistics
1955-56,meter_gauge,train_km_per_running_track_km_per_day,11.7,train_km/running_track_km/day,national,OGD_68_Railway_Key_Statistics_1950-51_to_2013-14,https://data.gov.in/resource/railway-key-statistics
1955-56,meter_gauge,passenger_km_per_route_km_per_annum,778.0,000s_passenger_km/route_km/year,national,OGD_68_Railway_Key_Statistics_1950-51_to_2013-14,https://data.gov.in/resource/railway-key-statistics
1955-56,meter_gauge,net_tonne_km_per_route_km_per_annum,359.0,000s_net_tonne_km/route_km/year,national,OGD_68_Railway_Key_Statistics_1950-51_to_2013-14,https://data.gov.in/resource/railway-key-statistics
1960-61,broad_gauge,train_km_per_running_track_km_per_day,20.4,train_km/running_track_km/day,national,OGD_68_Railway_Key_Statistics_1950-51_to_2013-14,https://data.gov.in/resource/railway-key-statistics
1960-61,broad_gauge,passenger_km_per_route_km_per_annum,2027.0,000s_passenger_km/route_km/year,national,OGD_68_Railway_Key_Statistics_1950-51_to_2013-14,https://data.gov.in/resource/railway-key-statistics
1960-61,broad_gauge,net_tonne_km_per_route_km_per_annum,2764.0,000s_net_tonne_km/route_km/year,national,OGD_68_Railway_Key_Statistics_1950-51_to_2013-14,https://data.gov.in/resource/railway-key-statistics
1960-61,meter_gauge,train_km_per_running_track_km_per_day,13.4,train_km/running_track_km/day,national,OGD_68_Railway_Key_Statistics_1950-51_to_2013-14,https://data.gov.in/resource/railway-key-statistics
1960-61,meter_gauge,passenger_km_per_route_km_per_annum,887.0,000s_passenger_km/route_km/year,national,OGD_68_Railway_Key_Statistics_1950-51_to_2013-14,https://data.gov.in/resource/railway-key-statistics
1960-61,meter_gauge,net_tonne_km_per_route_km_per_annum,543.0,000s_net_tonne_km/route_km/year,national,OGD_68_Railway_Key_Statistics_1950-51_to_2013-14,https://data.gov.in/resource/railway-key-statistics
1961-62,broad_gauge,train_km_per_running_track_km_per_day,20.3,train_km/running_track_km/day,national,OGD_68_Railway_Key_Statistics_1950-51_to_2013-14,https://data.gov.in/resource/railway-key-statistics
1961-62,broad_gauge,passenger_km_per_route_km_per_annum,2122.0,000s_passenger_km/route_km/year,national,OGD_68_Railway_Key_Statistics_1950-51_to_2013-14,https://data.gov.in/resource/railway-key-statistics
1961-62,broad_gauge,net_tonne_km_per_route_km_per_annum,2809.0,000s_net_tonne_km/route_km/year,national,OGD_68_Railway_Key_Statistics_1950-51_to_2013-14,https://data.gov.in/resource/railway-key-statistics
1961-62,meter_gauge,train_km_per_running_track_km_per_day,13.7,train_km/running_track_km/day,national,OGD_68_Railway_Key_Statistics_1950-51_to_2013-14,https://data.gov.in/resource/railway-key-statistics
1961-62,meter_gauge,passenger_km_per_route_km_per_annum,927.0,000s_passenger_km/route_km/year,national,OGD_68_Railway_Key_Statistics_1950-51_to_2013-14,https://data.gov.in/resource/railway-key-statistics
1961-62,meter_gauge,net_tonne_km_per_route_km_per_annum,596.0,000s_net_tonne_km/route_km/year,national,OGD_68_Railway_Key_Statistics_1950-51_to_2013-14,https://data.gov.in/resource/railway-key-statistics
1962-63,broad_gauge,train_km_per_running_track_km_per_day,20.6,train_km/running_track_km/day,national,OGD_68_Railway_Key_Statistics_1950-51_to_2013-14,https://data.gov.in/resource/railway-key-statistics
1962-63,broad_gauge,passenger_km_per_route_km_per_annum,2162.0,000s_passenger_km/route_km/year,national,OGD_68_Railway_Key_Statistics_1950-51_to_2013-14,https://data.gov.in/resource/railway-key-statistics
1962-63,broad_gauge,net_tonne_km_per_route_km_per_annum,3084.0,000s_net_tonne_km/route_km/year,national,OGD_68_Railway_Key_Statistics_1950-51_to_2013-14,https://data.gov.in/resource/railway-key-statistics
1962-63,meter_gauge,train_km_per_running_track_km_per_day,13.9,train_km/running_track_km/day,national,OGD_68_Railway_Key_Statistics_1950-51_to_2013-14,https://data.gov.in/resource/railway-key-statistics
1962-63,meter_gauge,passenger_km_per_route_km_per_annum,944.0,000s_passenger_km/route_km/year,national,OGD_68_Railway_Key_Statistics_1950-51_to_2013-14,https://data.gov.in/resource/railway-key-statistics
1962-63,meter_gauge,net_tonne_km_per_route_km_per_annum,641.0,000s_net_tonne_km/route_km/year,national,OGD_68_Railway_Key_Statistics_1950-51_to_2013-14,https://data.gov.in/resource/railway-key-statistics
1963-64,broad_gauge,train_km_per_running_track_km_per_day,20.9,train_km/running_track_km/day,national,OGD_68_Railway_Key_Statistics_1950-51_to_2013-14,https://data.gov.in/resource/railway-key-statistics
1963-64,broad_gauge,passenger_km_per_route_km_per_annum,2272.0,000s_passenger_km/route_km/year,national,OGD_68_Railway_Key_Statistics_1950-51_to_2013-14,https://data.gov.in/resource/railway-key-statistics
1963-64,broad_gauge,net_tonne_km_per_route_km_per_annum,3246.0,000s_net_tonne_km/route_km/year,national,OGD_68_Railway_Key_Statistics_1950-51_to_2013-14,https://data.gov.in/resource/railway-key-statistics
1963-64,meter_gauge,train_km_per_running_track_km_per_day,14.2,train_km/running_track_km/day,national,OGD_68_Railway_Key_Statistics_1950-51_to_2013-14,https://data.gov.in/resource/railway-key-statistics
1963-64,meter_gauge,passenger_km_per_route_km_per_annum,992.0,000s_passenger_km/route_km/year,national,OGD_68_Railway_Key_Statistics_1950-51_to_2013-14,https://data.gov.in/resource/railway-key-statistics
1963-64,meter_gauge,net_tonne_km_per_route_km_per_annum,692.0,000s_net_tonne_km/route_km/year,national,OGD_68_Railway_Key_Statistics_1950-51_to_2013-14,https://data.gov.in/resource/railway-key-statistics
1964-65,broad_gauge,train_km_per_running_track_km_per_day,20.9,train_km/running_track_km/day,national,OGD_68_Railway_Key_Statistics_1950-51_to_2013-14,https://data.gov.in/resource/railway-key-statistics
1964-65,broad_gauge,passenger_km_per_route_km_per_annum,2341.0,000s_passenger_km/route_km/year,national,OGD_68_Railway_Key_Statistics_1950-51_to_2013-14,https://data.gov.in/resource/railway-key-statistics
1964-65,broad_gauge,net_tonne_km_per_route_km_per_annum,3150.0,000s_net_tonne_km/route_km/year,national,OGD_68_Railway_Key_Statistics_1950-51_to_2013-14,https://data.gov.in/resource/railway-key-statistics
1964-65,meter_gauge,train_km_per_running_track_km_per_day,14.6,train_km/running_track_km/day,national,OGD_68_Railway_Key_Statistics_1950-51_to_2013-14,https://data.gov.in/resource/railway-key-statistics
1964-65,meter_gauge,passenger_km_per_route_km_per_annum,1046.0,000s_passenger_km/route_km/year,national,OGD_68_Railway_Key_Statistics_1950-51_to_2013-14,https://data.gov.in/resource/railway-key-statistics
1964-65,meter_gauge,net_tonne_km_per_route_km_per_annum,703.0,000s_net_tonne_km/route_km/year,national,OGD_68_Railway_Key_Statistics_1950-51_to_2013-14,https://data.gov.in/resource/railway-key-statistics
1965-66,broad_gauge,train_km_per_running_track_km_per_day,21.4,train_km/running_track_km/day,national,OGD_68_Railway_Key_Statistics_1950-51_to_2013-14,https://data.gov.in/resource/railway-key-statistics
1965-66,broad_gauge,passenger_km_per_route_km_per_annum,2377.0,000s_passenger_km/route_km/year,national,OGD_68_Railway_Key_Statistics_1950-51_to_2013-14,https://data.gov.in/resource/railway-key-statistics
1965-66,broad_gauge,net_tonne_km_per_route_km_per_annum,3404.0,000s_net_tonne_km/route_km/year,national,OGD_68_Railway_Key_Statistics_1950-51_to_2013-14,https://data.gov.in/resource/railway-key-statistics
1965-66,meter_gauge,train_km_per_running_track_km_per_day,14.9,train_km/running_track_km/day,national,OGD_68_Railway_Key_Statistics_1950-51_to_2013-14,https://data.gov.in/resource/railway-key-statistics
1965-66,meter_gauge,passenger_km_per_route_km_per_annum,1062.0,000s_passenger_km/route_km/year,national,OGD_68_Railway_Key_Statistics_1950-51_to_2013-14,https://data.gov.in/resource/railway-key-statistics
1965-66,meter_gauge,net_tonne_km_per_route_km_per_annum,758.0,000s_net_tonne_km/route_km/year,national,OGD_68_Railway_Key_Statistics_1950-51_to_2013-14,https://data.gov.in/resource/railway-key-statistics
1966-67,broad_gauge,train_km_per_running_track_km_per_day,21.2,train_km/running_track_km/day,national,OGD_68_Railway_Key_Statistics_1950-51_to_2013-14,https://data.gov.in/resource/railway-key-statistics
1966-67,broad_gauge,passenger_km_per_route_km_per_annum,2501.0,000s_passenger_km/route_km/year,national,OGD_68_Railway_Key_Statistics_1950-51_to_2013-14,https://data.gov.in/resource/railway-key-statistics
1966-67,broad_gauge,net_tonne_km_per_route_km_per_annum,3413.0,000s_net_tonne_km/route_km/year,national,OGD_68_Railway_Key_Statistics_1950-51_to_2013-14,https://data.gov.in/resource/railway-key-statistics
1966-67,meter_gauge,train_km_per_running_track_km_per_day,14.8,train_km/running_track_km/day,national,OGD_68_Railway_Key_Statistics_1950-51_to_2013-14,https://data.gov.in/resource/railway-key-statistics
1966-67,meter_gauge,passenger_km_per_route_km_per_annum,1152.0,000s_passenger_km/route_km/year,national,OGD_68_Railway_Key_Statistics_1950-51_to_2013-14,https://data.gov.in/resource/railway-key-statistics
1966-67,meter_gauge,net_tonne_km_per_route_km_per_annum,731.0,000s_net_tonne_km/route_km/year,national,OGD_68_Railway_Key_Statistics_1950-51_to_2013-14,https://data.gov.in/resource/railway-key-statistics
1967-68,broad_gauge,train_km_per_running_track_km_per_day,21.2,train_km/running_track_km/day,national,OGD_68_Railway_Key_Statistics_1950-51_to_2013-14,https://data.gov.in/resource/railway-key-statistics
1967-68,broad_gauge,passenger_km_per_route_km_per_annum,2657.0,000s_passenger_km/route_km/year,national,OGD_68_Railway_Key_Statistics_1950-51_to_2013-14,https://data.gov.in/resource/railway-key-statistics
1967-68,broad_gauge,net_tonne_km_per_route_km_per_annum,3487.0,000s_net_tonne_km/route_km/year,national,OGD_68_Railway_Key_Statistics_1950-51_to_2013-14,https://data.gov.in/resource/railway-key-statistics
1967-68,meter_gauge,train_km_per_running_track_km_per_day,14.5,train_km/running_track_km/day,national,OGD_68_Railway_Key_Statistics_1950-51_to_2013-14,https://data.gov.in/resource/railway-key-statistics
1967-68,meter_gauge,passenger_km_per_route_km_per_annum,1152.0,000s_passenger_km/route_km/year,national,OGD_68_Railway_Key_Statistics_1950-51_to_2013-14,https://data.gov.in/resource/railway-key-statistics
1967-68,meter_gauge,net_tonne_km_per_route_km_per_annum,721.0,000s_net_tonne_km/route_km/year,national,OGD_68_Railway_Key_Statistics_1950-51_to_2013-14,https://data.gov.in/resource/railway-key-statistics
1968-69,broad_gauge,train_km_per_running_track_km_per_day,21.0,train_km/running_track_km/day,national,OGD_68_Railway_Key_Statistics_1950-51_to_2013-14,https://data.gov.in/resource/railway-key-statistics
1968-69,broad_gauge,passenger_km_per_route_km_per_annum,2618.0,000s_passenger_km/route_km/year,national,OGD_68_Railway_Key_Statistics_1950-51_to_2013-14,https://data.gov.in/resource/railway-key-statistics
1968-69,broad_gauge,net_tonne_km_per_route_km_per_annum,3590.0,000s_net_tonne_km/route_km/year,national,OGD_68_Railway_Key_Statistics_1950-51_to_2013-14,https://data.gov.in/resource/railway-key-statistics
1968-69,meter_gauge,train_km_per_running_track_km_per_day,14.8,train_km/running_track_km/day,national,OGD_68_Railway_Key_Statistics_1950-51_to_2013-14,https://data.gov.in/resource/railway-key-statistics
1968-69,meter_gauge,passenger_km_per_route_km_per_annum,1124.0,000s_passenger_km/route_km/year,national,OGD_68_Railway_Key_Statistics_1950-51_to_2013-14,https://data.gov.in/resource/railway-key-statistics
1968-69,meter_gauge,net_tonne_km_per_route_km_per_annum,769.0,000s_net_tonne_km/route_km/year,national,OGD_68_Railway_Key_Statistics_1950-51_to_2013-14,https://data.gov.in/resource/railway-key-statistics
1969-70,broad_gauge,train_km_per_running_track_km_per_day,21.4,train_km/running_track_km/day,national,OGD_68_Railway_Key_Statistics_1950-51_to_2013-14,https://data.gov.in/resource/railway-key-statistics
1969-70,broad_gauge,passenger_km_per_route_km_per_annum,2760.0,000s_passenger_km/route_km/year,national,OGD_68_Railway_Key_Statistics_1950-51_to_2013-14,https://data.gov.in/resource/railway-key-statistics
1969-70,broad_gauge,net_tonne_km_per_route_km_per_annum,3654.0,000s_net_tonne_km/route_km/year,national,OGD_68_Railway_Key_Statistics_1950-51_to_2013-14,https://data.gov.in/resource/railway-key-statistics
1969-70,meter_gauge,train_km_per_running_track_km_per_day,15.1,train_km/running_track_km/day,national,OGD_68_Railway_Key_Statistics_1950-51_to_2013-14,https://data.gov.in/resource/railway-key-statistics
1969-70,meter_gauge,passenger_km_per_route_km_per_annum,1.203,000s_passenger_km/route_km/year,national,OGD_68_Railway_Key_Statistics_1950-51_to_2013-14,https://data.gov.in/resource/railway-key-statistics
1969-70,meter_gauge,net_tonne_km_per_route_km_per_annum,801.0,000s_net_tonne_km/route_km/year,national,OGD_68_Railway_Key_Statistics_1950-51_to_2013-14,https://data.gov.in/resource/railway-key-statistics
1970-71,broad_gauge,train_km_per_running_track_km_per_day,20.9,train_km/running_track_km/day,national,OGD_68_Railway_Key_Statistics_1950-51_to_2013-14,https://data.gov.in/resource/railway-key-statistics
1970-71,broad_gauge,passenger_km_per_route_km_per_annum,2876.0,000s_passenger_km/route_km/year,national,OGD_68_Railway_Key_Statistics_1950-51_to_2013-14,https://data.gov.in/resource/railway-key-statistics
1970-71,broad_gauge,net_tonne_km_per_route_km_per_annum,3611.0,000s_net_tonne_km/route_km/year,national,OGD_68_Railway_Key_Statistics_1950-51_to_2013-14,https://data.gov.in/resource/railway-key-statistics
1970-71,meter_gauge,train_km_per_running_track_km_per_day,14.9,train_km/running_track_km/day,national,OGD_68_Railway_Key_Statistics_1950-51_to_2013-14,https://data.gov.in/resource/railway-key-statistics
1970-71,meter_gauge,passenger_km_per_route_km_per_annum,1.249,000s_passenger_km/route_km/year,national,OGD_68_Railway_Key_Statistics_1950-51_to_2013-14,https://data.gov.in/resource/railway-key-statistics
1970-71,meter_gauge,net_tonne_km_per_route_km_per_annum,806.0,000s_net_tonne_km/route_km/year,national,OGD_68_Railway_Key_Statistics_1950-51_to_2013-14,https://data.gov.in/resource/railway-key-statistics
1971-72,broad_gauge,train_km_per_running_track_km_per_day,20.9,train_km/running_track_km/day,national,OGD_68_Railway_Key_Statistics_1950-51_to_2013-14,https://data.gov.in/resource/railway-key-statistics
1971-72,broad_gauge,passenger_km_per_route_km_per_annum,3021.0,000s_passenger_km/route_km/year,national,OGD_68_Railway_Key_Statistics_1950-51_to_2013-14,https://data.gov.in/resource/railway-key-statistics
1971-72,broad_gauge,net_tonne_km_per_route_km_per_annum,3713.0,000s_net_tonne_km/route_km/year,national,OGD_68_Railway_Key_Statistics_1950-51_to_2013-14,https://data.gov.in/resource/railway-key-statistics
1971-72,meter_gauge,train_km_per_running_track_km_per_day,14.5,train_km/running_track_km/day,national,OGD_68_Railway_Key_Statistics_1950-51_to_2013-14,https://data.gov.in/resource/railway-key-statistics
1971-72,meter_gauge,passenger_km_per_route_km_per_annum,1.297,000s_passenger_km/route_km/year,national,OGD_68_Railway_Key_Statistics_1950-51_to_2013-14,https://data.gov.in/resource/railway-key-statistics
1971-72,meter_gauge,net_tonne_km_per_route_km_per_annum,838.0,000s_net_tonne_km/route_km/year,national,OGD_68_Railway_Key_Statistics_1950-51_to_2013-14,https://data.gov.in/resource/railway-key-statistics
1972-73,broad_gauge,train_km_per_running_track_km_per_day,20.7,train_km/running_track_km/day,national,OGD_68_Railway_Key_Statistics_1950-51_to_2013-14,https://data.gov.in/resource/railway-key-statistics
1972-73,broad_gauge,passenger_km_per_route_km_per_annum,3248.0,000s_passenger_km/route_km/year,national,OGD_68_Railway_Key_Statistics_1950-51_to_2013-14,https://data.gov.in/resource/railway-key-statistics
1972-73,broad_gauge,net_tonne_km_per_route_km_per_annum,3804.0,000s_net_tonne_km/route_km/year,national,OGD_68_Railway_Key_Statistics_1950-51_to_2013-14,https://data.gov.in/resource/railway-key-statistics
1972-73,meter_gauge,train_km_per_running_track_km_per_day,14.3,train_km/running_track_km/day,national,OGD_68_Railway_Key_Statistics_1950-51_to_2013-14,https://data.gov.in/resource/railway-key-statistics
1972-73,meter_gauge,passenger_km_per_route_km_per_annum,1.343,000s_passenger_km/route_km/year,national,OGD_68_Railway_Key_Statistics_1950-51_to_2013-14,https://data.gov.in/resource/railway-key-statistics
1972-73,meter_gauge,net_tonne_km_per_route_km_per_annum,847.0,000s_net_tonne_km/route_km/year,national,OGD_68_Railway_Key_Statistics_1950-51_to_2013-14,https://data.gov.in/resource/railway-key-statistics
1973-74,broad_gauge,train_km_per_running_track_km_per_day,19.3,train_km/running_track_km/day,national,OGD_68_Railway_Key_Statistics_1950-51_to_2013-14,https://data.gov.in/resource/railway-key-statistics
1973-74,broad_gauge,passenger_km_per_route_km_per_annum,3361.0,000s_passenger_km/route_km/year,national,OGD_68_Railway_Key_Statistics_1950-51_to_2013-14,https://data.gov.in/resource/railway-key-statistics
1973-74,broad_gauge,net_tonne_km_per_route_km_per_annum,3424.0,000s_net_tonne_km/route_km/year,national,OGD_68_Railway_Key_Statistics_1950-51_to_2013-14,https://data.gov.in/resource/railway-key-statistics
1973-74,meter_gauge,train_km_per_running_track_km_per_day,12.1,train_km/running_track_km/day,national,OGD_68_Railway_Key_Statistics_1950-51_to_2013-14,https://data.gov.in/resource/railway-key-statistics
1973-74,meter_gauge,passenger_km_per_route_km_per_annum,1.287,000s_passenger_km/route_km/year,national,OGD_68_Railway_Key_Statistics_1950-51_to_2013-14,https://data.gov.in/resource/railway-key-statistics
1973-74,meter_gauge,net_tonne_km_per_route_km_per_annum,732.0,000s_net_tonne_km/route_km/year,national,OGD_68_Railway_Key_Statistics_1950-51_to_2013-14,https://data.gov.in/resource/railway-key-statistics
1974-75,broad_gauge,train_km_per_running_track_km_per_day,19.5,train_km/running_track_km/day,national,OGD_68_Railway_Key_Statistics_1950-51_to_2013-14,https://data.gov.in/resource/railway-key-statistics
1974-75,broad_gauge,passenger_km_per_route_km_per_annum,3157.0,000s_passenger_km/route_km/year,national,OGD_68_Railway_Key_Statistics_1950-51_to_2013-14,https://data.gov.in/resource/railway-key-statistics
1974-75,broad_gauge,net_tonne_km_per_route_km_per_annum,3771.0,000s_net_tonne_km/route_km/year,national,OGD_68_Railway_Key_Statistics_1950-51_to_2013-14,https://data.gov.in/resource/railway-key-statistics
1974-75,meter_gauge,train_km_per_running_track_km_per_day,11.6,train_km/running_track_km/day,national,OGD_68_Railway_Key_Statistics_1950-51_to_2013-14,https://data.gov.in/resource/railway-key-statistics
1974-75,meter_gauge,passenger_km_per_route_km_per_annum,1.257,000s_passenger_km/route_km/year,national,OGD_68_Railway_Key_Statistics_1950-51_to_2013-14,https://data.gov.in/resource/railway-key-statistics
1974-75,meter_gauge,net_tonne_km_per_route_km_per_annum,779.0,000s_net_tonne_km/route_km/year,national,OGD_68_Railway_Key_Statistics_1950-51_to_2013-14,https://data.gov.in/resource/railway-key-statistics
1975-76,broad_gauge,train_km_per_running_track_km_per_day,21.6,train_km/running_track_km/day,national,OGD_68_Railway_Key_Statistics_1950-51_to_2013-14,https://data.gov.in/resource/railway-key-statistics
1975-76,broad_gauge,passenger_km_per_route_km_per_annum,3676.0,000s_passenger_km/route_km/year,national,OGD_68_Railway_Key_Statistics_1950-51_to_2013-14,https://data.gov.in/resource/railway-key-statistics
1975-76,broad_gauge,net_tonne_km_per_route_km_per_annum,4170.0,000s_net_tonne_km/route_km/year,national,OGD_68_Railway_Key_Statistics_1950-51_to_2013-14,https://data.gov.in/resource/railway-key-statistics
1975-76,meter_gauge,train_km_per_running_track_km_per_day,13.7,train_km/running_track_km/day,national,OGD_68_Railway_Key_Statistics_1950-51_to_2013-14,https://data.gov.in/resource/railway-key-statistics
1975-76,meter_gauge,passenger_km_per_route_km_per_annum,1.397,000s_passenger_km/route_km/year,national,OGD_68_Railway_Key_Statistics_1950-51_to_2013-14,https://data.gov.in/resource/railway-key-statistics
1975-76,meter_gauge,net_tonne_km_per_route_km_per_annum,818.0,000s_net_tonne_km/route_km/year,national,OGD_68_Railway_Key_Statistics_1950-51_to_2013-14,https://data.gov.in/resource/railway-key-statistics
1976-77,broad_gauge,train_km_per_running_track_km_per_day,22.6,train_km/running_track_km/day,national,OGD_68_Railway_Key_Statistics_1950-51_to_2013-14,https://data.gov.in/resource/railway-key-statistics
1976-77,broad_gauge,passenger_km_per_route_km_per_annum,4016.0,000s_passenger_km/route_km/year,national,OGD_68_Railway_Key_Statistics_1950-51_to_2013-14,https://data.gov.in/resource/railway-key-statistics
1976-77,broad_gauge,net_tonne_km_per_route_km_per_annum,4348.0,000s_net_tonne_km/route_km/year,national,OGD_68_Railway_Key_Statistics_1950-51_to_2013-14,https://data.gov.in/resource/railway-key-statistics
1976-77,meter_gauge,train_km_per_running_track_km_per_day,14.2,train_km/running_track_km/day,national,OGD_68_Railway_Key_Statistics_1950-51_to_2013-14,https://data.gov.in/resource/railway-key-statistics
1976-77,meter_gauge,passenger_km_per_route_km_per_annum,1.515,000s_passenger_km/route_km/year,national,OGD_68_Railway_Key_Statistics_1950-51_to_2013-14,https://data.gov.in/resource/railway-key-statistics
1976-77,meter_gauge,net_tonne_km_per_route_km_per_annum,872.0,000s_net_tonne_km/route_km/year,national,OGD_68_Railway_Key_Statistics_1950-51_to_2013-14,https://data.gov.in/resource/railway-key-statistics
1977-78,broad_gauge,train_km_per_running_track_km_per_day,23.5,train_km/running_track_km/day,national,OGD_68_Railway_Key_Statistics_1950-51_to_2013-14,https://data.gov.in/resource/railway-key-statistics
1977-78,broad_gauge,passenger_km_per_route_km_per_annum,4377.0,000s_passenger_km/route_km/year,national,OGD_68_Railway_Key_Statistics_1950-51_to_2013-14,https://data.gov.in/resource/railway-key-statistics
1977-78,broad_gauge,net_tonne_km_per_route_km_per_annum,4548.0,000s_net_tonne_km/route_km/year,national,OGD_68_Railway_Key_Statistics_1950-51_to_2013-14,https://data.gov.in/resource/railway-key-statistics
1977-78,meter_gauge,train_km_per_running_track_km_per_day,14.1,train_km/running_track_km/day,national,OGD_68_Railway_Key_Statistics_1950-51_to_2013-14,https://data.gov.in/resource/railway-key-statistics
1977-78,meter_gauge,passenger_km_per_route_km_per_annum,1.572,000s_passenger_km/route_km/year,national,OGD_68_Railway_Key_Statistics_1950-51_to_2013-14,https://data.gov.in/resource/railway-key-statistics
1977-78,meter_gauge,net_tonne_km_per_route_km_per_annum,857.0,000s_net_tonne_km/route_km/year,national,OGD_68_Railway_Key_Statistics_1950-51_to_2013-14,https://data.gov.in/resource/railway-key-statistics
1978-79,broad_gauge,train_km_per_running_track_km_per_day,22.6,train_km/running_track_km/day,national,OGD_68_Railway_Key_Statistics_1950-51_to_2013-14,https://data.gov.in/resource/railway-key-statistics
1978-79,broad_gauge,passenger_km_per_route_km_per_annum,4793.0,000s_passenger_km/route_km/year,national,OGD_68_Railway_Key_Statistics_1950-51_to_2013-14,https://data.gov.in/resource/railway-key-statistics
1978-79,broad_gauge,net_tonne_km_per_route_km_per_annum,4238.0,000s_net_tonne_km/route_km/year,national,OGD_68_Railway_Key_Statistics_1950-51_to_2013-14,https://data.gov.in/resource/railway-key-statistics
1978-79,meter_gauge,train_km_per_running_track_km_per_day,13.2,train_km/running_track_km/day,national,OGD_68_Railway_Key_Statistics_1950-51_to_2013-14,https://data.gov.in/resource/railway-key-statistics
1978-79,meter_gauge,passenger_km_per_route_km_per_annum,1.675,000s_passenger_km/route_km/year,national,OGD_68_Railway_Key_Statistics_1950-51_to_2013-14,https://data.gov.in/resource/railway-key-statistics
1978-79,meter_gauge,net_tonne_km_per_route_km_per_annum,831.0,000s_net_tonne_km/route_km/year,national,OGD_68_Railway_Key_Statistics_1950-51_to_2013-14,https://data.gov.in/resource/railway-key-statistics
1979-80,broad_gauge,train_km_per_running_track_km_per_day,22.6,train_km/running_track_km/day,national,OGD_68_Railway_Key_Statistics_1950-51_to_2013-14,https://data.gov.in/resource/railway-key-statistics
1979-80,broad_gauge,passenger_km_per_route_km_per_annum,4927.0,000s_passenger_km/route_km/year,national,OGD_68_Railway_Key_Statistics_1950-51_to_2013-14,https://data.gov.in/resource/railway-key-statistics
1979-80,broad_gauge,net_tonne_km_per_route_km_per_annum,4326.0,000s_net_tonne_km/route_km/year,national,OGD_68_Railway_Key_Statistics_1950-51_to_2013-14,https://data.gov.in/resource/railway-key-statistics
1979-80,meter_gauge,train_km_per_running_track_km_per_day,12.8,train_km/running_track_km/day,national,OGD_68_Railway_Key_Statistics_1950-51_to_2013-14,https://data.gov.in/resource/railway-key-statistics
1979-80,meter_gauge,passenger_km_per_route_km_per_annum,1707.0,000s_passenger_km/route_km/year,national,OGD_68_Railway_Key_Statistics_1950-51_to_2013-14,https://data.gov.in/resource/railway-key-statistics
1979-80,meter_gauge,net_tonne_km_per_route_km_per_annum,813.0,000s_net_tonne_km/route_km/year,national,OGD_68_Railway_Key_Statistics_1950-51_to_2013-14,https://data.gov.in/resource/railway-key-statistics
1980-81,broad_gauge,train_km_per_running_track_km_per_day,22.4,train_km/running_track_km/day,national,OGD_68_Railway_Key_Statistics_1950-51_to_2013-14,https://data.gov.in/resource/railway-key-statistics
1980-81,broad_gauge,passenger_km_per_route_km_per_annum,5149.0,000s_passenger_km/route_km/year,national,OGD_68_Railway_Key_Statistics_1950-51_to_2013-14,https://data.gov.in/resource/railway-key-statistics
1980-81,broad_gauge,net_tonne_km_per_route_km_per_annum,4339.0,000s_net_tonne_km/route_km/year,national,OGD_68_Railway_Key_Statistics_1950-51_to_2013-14,https://data.gov.in/resource/railway-key-statistics
1980-81,meter_gauge,train_km_per_running_track_km_per_day,12.8,train_km/running_track_km/day,national,OGD_68_Railway_Key_Statistics_1950-51_to_2013-14,https://data.gov.in/resource/railway-key-statistics
1980-81,meter_gauge,passenger_km_per_route_km_per_annum,1719.0,000s_passenger_km/route_km/year,national,OGD_68_Railway_Key_Statistics_1950-51_to_2013-14,https://data.gov.in/resource/railway-key-statistics
1980-81,meter_gauge,net_tonne_km_per_route_km_per_annum,802.0,000s_net_tonne_km/route_km/year,national,OGD_68_Railway_Key_Statistics_1950-51_to_2013-14,https://data.gov.in/resource/railway-key-statistics
1981-82,broad_gauge,train_km_per_running_track_km_per_day,23.0,train_km/running_track_km/day,national,OGD_68_Railway_Key_Statistics_1950-51_to_2013-14,https://data.gov.in/resource/railway-key-statistics
1981-82,broad_gauge,passenger_km_per_route_km_per_annum,5430.0,000s_passenger_km/route_km/year,national,OGD_68_Railway_Key_Statistics_1950-51_to_2013-14,https://data.gov.in/resource/railway-key-statistics
1981-82,broad_gauge,net_tonne_km_per_route_km_per_annum,4768.0,000s_net_tonne_km/route_km/year,national,OGD_68_Railway_Key_Statistics_1950-51_to_2013-14,https://data.gov.in/resource/railway-key-statistics
1981-82,meter_gauge,train_km_per_running_track_km_per_day,12.5,train_km/running_track_km/day,national,OGD_68_Railway_Key_Statistics_1950-51_to_2013-14,https://data.gov.in/resource/railway-key-statistics
1981-82,meter_gauge,passenger_km_per_route_km_per_annum,1781.0,000s_passenger_km/route_km/year,national,OGD_68_Railway_Key_Statistics_1950-51_to_2013-14,https://data.gov.in/resource/railway-key-statistics
1981-82,meter_gauge,net_tonne_km_per_route_km_per_annum,812.0,000s_net_tonne_km/route_km/year,national,OGD_68_Railway_Key_Statistics_1950-51_to_2013-14,https://data.gov.in/resource/railway-key-statistics
1982-83,broad_gauge,train_km_per_running_track_km_per_day,23.0,train_km/running_track_km/day,national,OGD_68_Railway_Key_Statistics_1950-51_to_2013-14,https://data.gov.in/resource/railway-key-statistics
1982-83,broad_gauge,passenger_km_per_route_km_per_annum,5546.0,000s_passenger_km/route_km/year,national,OGD_68_Railway_Key_Statistics_1950-51_to_2013-14,https://data.gov.in/resource/railway-key-statistics
1982-83,broad_gauge,net_tonne_km_per_route_km_per_annum,4794.0,000s_net_tonne_km/route_km/year,national,OGD_68_Railway_Key_Statistics_1950-51_to_2013-14,https://data.gov.in/resource/railway-key-statistics
1982-83,meter_gauge,train_km_per_running_track_km_per_day,13.0,train_km/running_track_km/day,national,OGD_68_Railway_Key_Statistics_1950-51_to_2013-14,https://data.gov.in/resource/railway-key-statistics
1982-83,meter_gauge,passenger_km_per_route_km_per_annum,1814.0,000s_passenger_km/route_km/year,national,OGD_68_Railway_Key_Statistics_1950-51_to_2013-14,https://data.gov.in/resource/railway-key-statistics
1982-83,meter_gauge,net_tonne_km_per_route_km_per_annum,854.0,000s_net_tonne_km/route_km/year,national,OGD_68_Railway_Key_Statistics_1950-51_to_2013-14,https://data.gov.in/resource/railway-key-statistics
1983-84,broad_gauge,train_km_per_running_track_km_per_day,24.0,train_km/running_track_km/day,national,OGD_68_Railway_Key_Statistics_1950-51_to_2013-14,https://data.gov.in/resource/railway-key-statistics
1983-84,broad_gauge,passenger_km_per_route_km_per_annum,5546.0,000s_passenger_km/route_km/year,national,OGD_68_Railway_Key_Statistics_1950-51_to_2013-14,https://data.gov.in/resource/railway-key-statistics
1983-84,broad_gauge,net_tonne_km_per_route_km_per_annum,4820.0,000s_net_tonne_km/route_km/year,national,OGD_68_Railway_Key_Statistics_1950-51_to_2013-14,https://data.gov.in/resource/railway-key-statistics
1983-84,meter_gauge,train_km_per_running_track_km_per_day,13.2,train_km/running_track_km/day,national,OGD_68_Railway_Key_Statistics_1950-51_to_2013-14,https://data.gov.in/resource/railway-key-statistics
1983-84,meter_gauge,passenger_km_per_route_km_per_annum,1636.0,000s_passenger_km/route_km/year,national,OGD_68_Railway_Key_Statistics_1950-51_to_2013-14,https://data.gov.in/resource/railway-key-statistics
1983-84,meter_gauge,net_tonne_km_per_route_km_per_annum,842.0,000s_net_tonne_km/route_km/year,national,OGD_68_Railway_Key_Statistics_1950-51_to_2013-14,https://data.gov.in/resource/railway-key-statistics
1984-85,broad_gauge,train_km_per_running_track_km_per_day,23.9,train_km/running_track_km/day,national,OGD_68_Railway_Key_Statistics_1950-51_to_2013-14,https://data.gov.in/resource/railway-key-statistics
1984-85,broad_gauge,passenger_km_per_route_km_per_annum,5514.0,000s_passenger_km/route_km/year,national,OGD_68_Railway_Key_Statistics_1950-51_to_2013-14,https://data.gov.in/resource/railway-key-statistics
1984-85,broad_gauge,net_tonne_km_per_route_km_per_annum,4849.0,000s_net_tonne_km/route_km/year,national,OGD_68_Railway_Key_Statistics_1950-51_to_2013-14,https://data.gov.in/resource/railway-key-statistics
1984-85,meter_gauge,train_km_per_running_track_km_per_day,13.4,train_km/running_track_km/day,national,OGD_68_Railway_Key_Statistics_1950-51_to_2013-14,https://data.gov.in/resource/railway-key-statistics
1984-85,meter_gauge,passenger_km_per_route_km_per_annum,1680.0,000s_passenger_km/route_km/year,national,OGD_68_Railway_Key_Statistics_1950-51_to_2013-14,https://data.gov.in/resource/railway-key-statistics
1984-85,meter_gauge,net_tonne_km_per_route_km_per_annum,802.0,000s_net_tonne_km/route_km/year,national,OGD_68_Railway_Key_Statistics_1950-51_to_2013-14,https://data.gov.in/resource/railway-key-statistics
1985-86,broad_gauge,train_km_per_running_track_km_per_day,24.8,train_km/running_track_km/day,national,OGD_68_Railway_Key_Statistics_1950-51_to_2013-14,https://data.gov.in/resource/railway-key-statistics
1985-86,broad_gauge,passenger_km_per_route_km_per_annum,5881.0,000s_passenger_km/route_km/year,national,OGD_68_Railway_Key_Statistics_1950-51_to_2013-14,https://data.gov.in/resource/railway-key-statistics
1985-86,broad_gauge,net_tonne_km_per_route_km_per_annum,5459.0,000s_net_tonne_km/route_km/year,national,OGD_68_Railway_Key_Statistics_1950-51_to_2013-14,https://data.gov.in/resource/railway-key-statistics
1985-86,meter_gauge,train_km_per_running_track_km_per_day,13.9,train_km/running_track_km/day,national,OGD_68_Railway_Key_Statistics_1950-51_to_2013-14,https://data.gov.in/resource/railway-key-statistics
1985-86,meter_gauge,passenger_km_per_route_km_per_annum,1730.0,000s_passenger_km/route_km/year,national,OGD_68_Railway_Key_Statistics_1950-51_to_2013-14,https://data.gov.in/resource/railway-key-statistics
1985-86,meter_gauge,net_tonne_km_per_route_km_per_annum,918.0,000s_net_tonne_km/route_km/year,national,OGD_68_Railway_Key_Statistics_1950-51_to_2013-14,https://data.gov.in/resource/railway-key-statistics
1986-87,broad_gauge,train_km_per_running_track_km_per_day,25.3,train_km/running_track_km/day,national,OGD_68_Railway_Key_Statistics_1950-51_to_2013-14,https://data.gov.in/resource/railway-key-statistics
1986-87,broad_gauge,passenger_km_per_route_km_per_annum,6287.0,000s_passenger_km/route_km/year,national,OGD_68_Railway_Key_Statistics_1950-51_to_2013-14,https://data.gov.in/resource/railway-key-statistics
1986-87,broad_gauge,net_tonne_km_per_route_km_per_annum,5967.0,000s_net_tonne_km/route_km/year,national,OGD_68_Railway_Key_Statistics_1950-51_to_2013-14,https://data.gov.in/resource/railway-key-statistics
1986-87,meter_gauge,train_km_per_running_track_km_per_day,14.1,train_km/running_track_km/day,national,OGD_68_Railway_Key_Statistics_1950-51_to_2013-14,https://data.gov.in/resource/railway-key-statistics
1986-87,meter_gauge,passenger_km_per_route_km_per_annum,1815.0,000s_passenger_km/route_km/year,national,OGD_68_Railway_Key_Statistics_1950-51_to_2013-14,https://data.gov.in/resource/railway-key-statistics
1986-87,meter_gauge,net_tonne_km_per_route_km_per_annum,923.0,000s_net_tonne_km/route_km/year,national,OGD_68_Railway_Key_Statistics_1950-51_to_2013-14,https://data.gov.in/resource/railway-key-statistics
1987-88,broad_gauge,train_km_per_running_track_km_per_day,25.6,train_km/running_track_km/day,national,OGD_68_Railway_Key_Statistics_1950-51_to_2013-14,https://data.gov.in/resource/railway-key-statistics
1987-88,broad_gauge,passenger_km_per_route_km_per_annum,6576.0,000s_passenger_km/route_km/year,national,OGD_68_Railway_Key_Statistics_1950-51_to_2013-14,https://data.gov.in/resource/railway-key-statistics
1987-88,broad_gauge,net_tonne_km_per_route_km_per_annum,6191.0,000s_net_tonne_km/route_km/year,national,OGD_68_Railway_Key_Statistics_1950-51_to_2013-14,https://data.gov.in/resource/railway-key-statistics
1987-88,meter_gauge,train_km_per_running_track_km_per_day,13.8,train_km/running_track_km/day,national,OGD_68_Railway_Key_Statistics_1950-51_to_2013-14,https://data.gov.in/resource/railway-key-statistics
1987-88,meter_gauge,passenger_km_per_route_km_per_annum,1904.0,000s_passenger_km/route_km/year,national,OGD_68_Railway_Key_Statistics_1950-51_to_2013-14,https://data.gov.in/resource/railway-key-statistics
1987-88,meter_gauge,net_tonne_km_per_route_km_per_annum,906.0,000s_net_tonne_km/route_km/year,national,OGD_68_Railway_Key_Statistics_1950-51_to_2013-14,https://data.gov.in/resource/railway-key-statistics
1988-89,broad_gauge,train_km_per_running_track_km_per_day,26.3,train_km/running_track_km/day,national,OGD_68_Railway_Key_Statistics_1950-51_to_2013-14,https://data.gov.in/resource/railway-key-statistics
1988-89,broad_gauge,passenger_km_per_route_km_per_annum,6421.0,000s_passenger_km/route_km/year,national,OGD_68_Railway_Key_Statistics_1950-51_to_2013-14,https://data.gov.in/resource/railway-key-statistics
1988-89,broad_gauge,net_tonne_km_per_route_km_per_annum,6120.0,000s_net_tonne_km/route_km/year,national,OGD_68_Railway_Key_Statistics_1950-51_to_2013-14,https://data.gov.in/resource/railway-key-statistics
1988-89,meter_gauge,train_km_per_running_track_km_per_day,13.7,train_km/running_track_km/day,national,OGD_68_Railway_Key_Statistics_1950-51_to_2013-14,https://data.gov.in/resource/railway-key-statistics
1988-89,meter_gauge,passenger_km_per_route_km_per_annum,1845.0,000s_passenger_km/route_km/year,national,OGD_68_Railway_Key_Statistics_1950-51_to_2013-14,https://data.gov.in/resource/railway-key-statistics
1988-89,meter_gauge,net_tonne_km_per_route_km_per_annum,899.0,000s_net_tonne_km/route_km/year,national,OGD_68_Railway_Key_Statistics_1950-51_to_2013-14,https://data.gov.in/resource/railway-key-statistics
1989-90,broad_gauge,train_km_per_running_track_km_per_day,26.6,train_km/running_track_km/day,national,OGD_68_Railway_Key_Statistics_1950-51_to_2013-14,https://data.gov.in/resource/railway-key-statistics
1989-90,broad_gauge,passenger_km_per_route_km_per_annum,6760.0,000s_passenger_km/route_km/year,national,OGD_68_Railway_Key_Statistics_1950-51_to_2013-14,https://data.gov.in/resource/railway-key-statistics
1989-90,broad_gauge,net_tonne_km_per_route_km_per_annum,6207.0,000s_net_tonne_km/route_km/year,national,OGD_68_Railway_Key_Statistics_1950-51_to_2013-14,https://data.gov.in/resource/railway-key-statistics
1989-90,meter_gauge,train_km_per_running_track_km_per_day,14.0,train_km/running_track_km/day,national,OGD_68_Railway_Key_Statistics_1950-51_to_2013-14,https://data.gov.in/resource/railway-key-statistics
1989-90,meter_gauge,passenger_km_per_route_km_per_annum,1955.0,000s_passenger_km/route_km/year,national,OGD_68_Railway_Key_Statistics_1950-51_to_2013-14,https://data.gov.in/resource/railway-key-statistics
1989-90,meter_gauge,net_tonne_km_per_route_km_per_annum,946.0,000s_net_tonne_km/route_km/year,national,OGD_68_Railway_Key_Statistics_1950-51_to_2013-14,https://data.gov.in/resource/railway-key-statistics
1990-91,broad_gauge,train_km_per_running_track_km_per_day,26.4,train_km/running_track_km/day,national,OGD_68_Railway_Key_Statistics_1950-51_to_2013-14,https://data.gov.in/resource/railway-key-statistics
1990-91,broad_gauge,passenger_km_per_route_km_per_annum,7119.0,000s_passenger_km/route_km/year,national,OGD_68_Railway_Key_Statistics_1950-51_to_2013-14,https://data.gov.in/resource/railway-key-statistics
1990-91,broad_gauge,net_tonne_km_per_route_km_per_annum,6305.0,000s_net_tonne_km/route_km/year,national,OGD_68_Railway_Key_Statistics_1950-51_to_2013-14,https://data.gov.in/resource/railway-key-statistics
1990-91,meter_gauge,train_km_per_running_track_km_per_day,14.0,train_km/running_track_km/day,national,OGD_68_Railway_Key_Statistics_1950-51_to_2013-14,https://data.gov.in/resource/railway-key-statistics
1990-91,meter_gauge,passenger_km_per_route_km_per_annum,1968.0,000s_passenger_km/route_km/year,national,OGD_68_Railway_Key_Statistics_1950-51_to_2013-14,https://data.gov.in/resource/railway-key-statistics
1990-91,meter_gauge,net_tonne_km_per_route_km_per_annum,967.0,000s_net_tonne_km/route_km/year,national,OGD_68_Railway_Key_Statistics_1950-51_to_2013-14,https://data.gov.in/resource/railway-key-statistics
1991-92,broad_gauge,train_km_per_running_track_km_per_day,26.7,train_km/running_track_km/day,national,OGD_68_Railway_Key_Statistics_1950-51_to_2013-14,https://data.gov.in/resource/railway-key-statistics
1991-92,broad_gauge,passenger_km_per_route_km_per_annum,7576.0,000s_passenger_km/route_km/year,national,OGD_68_Railway_Key_Statistics_1950-51_to_2013-14,https://data.gov.in/resource/railway-key-statistics
1991-92,broad_gauge,net_tonne_km_per_route_km_per_annum,6633.0,000s_net_tonne_km/route_km/year,national,OGD_68_Railway_Key_Statistics_1950-51_to_2013-14,https://data.gov.in/resource/railway-key-statistics
1991-92,meter_gauge,train_km_per_running_track_km_per_day,14.9,train_km/running_track_km/day,national,OGD_68_Railway_Key_Statistics_1950-51_to_2013-14,https://data.gov.in/resource/railway-key-statistics
1991-92,meter_gauge,passenger_km_per_route_km_per_annum,2029.0,000s_passenger_km/route_km/year,national,OGD_68_Railway_Key_Statistics_1950-51_to_2013-14,https://data.gov.in/resource/railway-key-statistics
1991-92,meter_gauge,net_tonne_km_per_route_km_per_annum,1026.0,000s_net_tonne_km/route_km/year,national,OGD_68_Railway_Key_Statistics_1950-51_to_2013-14,https://data.gov.in/resource/railway-key-statistics
1992-93,broad_gauge,train_km_per_running_track_km_per_day,26.4,train_km/running_track_km/day,national,OGD_68_Railway_Key_Statistics_1950-51_to_2013-14,https://data.gov.in/resource/railway-key-statistics
1992-93,broad_gauge,passenger_km_per_route_km_per_annum,7061.0,000s_passenger_km/route_km/year,national,OGD_68_Railway_Key_Statistics_1950-51_to_2013-14,https://data.gov.in/resource/railway-key-statistics
1992-93,broad_gauge,net_tonne_km_per_route_km_per_annum,6455.0,000s_net_tonne_km/route_km/year,national,OGD_68_Railway_Key_Statistics_1950-51_to_2013-14,https://data.gov.in/resource/railway-key-statistics
1992-93,meter_gauge,train_km_per_running_track_km_per_day,14.4,train_km/running_track_km/day,national,OGD_68_Railway_Key_Statistics_1950-51_to_2013-14,https://data.gov.in/resource/railway-key-statistics
1992-93,meter_gauge,passenger_km_per_route_km_per_annum,1867.0,000s_passenger_km/route_km/year,national,OGD_68_Railway_Key_Statistics_1950-51_to_2013-14,https://data.gov.in/resource/railway-key-statistics
1992-93,meter_gauge,net_tonne_km_per_route_km_per_annum,1017.0,000s_net_tonne_km/route_km/year,national,OGD_68_Railway_Key_Statistics_1950-51_to_2013-14,https://data.gov.in/resource/railway-key-statistics
1993-94,broad_gauge,train_km_per_running_track_km_per_day,26.6,train_km/running_track_km/day,national,OGD_68_Railway_Key_Statistics_1950-51_to_2013-14,https://data.gov.in/resource/railway-key-statistics
1993-94,broad_gauge,passenger_km_per_route_km_per_annum,6825.0,000s_passenger_km/route_km/year,national,OGD_68_Railway_Key_Statistics_1950-51_to_2013-14,https://data.gov.in/resource/railway-key-statistics
1993-94,broad_gauge,net_tonne_km_per_route_km_per_annum,6305.0,000s_net_tonne_km/route_km/year,national,OGD_68_Railway_Key_Statistics_1950-51_to_2013-14,https://data.gov.in/resource/railway-key-statistics
1993-94,meter_gauge,train_km_per_running_track_km_per_day,13.4,train_km/running_track_km/day,national,OGD_68_Railway_Key_Statistics_1950-51_to_2013-14,https://data.gov.in/resource/railway-key-statistics
1993-94,meter_gauge,passenger_km_per_route_km_per_annum,1788.0,000s_passenger_km/route_km/year,national,OGD_68_Railway_Key_Statistics_1950-51_to_2013-14,https://data.gov.in/resource/railway-key-statistics
1993-94,meter_gauge,net_tonne_km_per_route_km_per_annum,897.0,000s_net_tonne_km/route_km/year,national,OGD_68_Railway_Key_Statistics_1950-51_to_2013-14,https://data.gov.in/resource/railway-key-statistics
1994-95,broad_gauge,train_km_per_running_track_km_per_day,26.6,train_km/running_track_km/day,national,OGD_68_Railway_Key_Statistics_1950-51_to_2013-14,https://data.gov.in/resource/railway-key-statistics
1994-95,broad_gauge,passenger_km_per_route_km_per_annum,7154.0,000s_passenger_km/route_km/year,national,OGD_68_Railway_Key_Statistics_1950-51_to_2013-14,https://data.gov.in/resource/railway-key-statistics
1994-95,broad_gauge,net_tonne_km_per_route_km_per_annum,6057.0,000s_net_tonne_km/route_km/year,national,OGD_68_Railway_Key_Statistics_1950-51_to_2013-14,https://data.gov.in/resource/railway-key-statistics
1994-95,meter_gauge,train_km_per_running_track_km_per_day,12.6,train_km/running_track_km/day,national,OGD_68_Railway_Key_Statistics_1950-51_to_2013-14,https://data.gov.in/resource/railway-key-statistics
1994-95,meter_gauge,passenger_km_per_route_km_per_annum,1820.0,000s_passenger_km/route_km/year,national,OGD_68_Railway_Key_Statistics_1950-51_to_2013-14,https://data.gov.in/resource/railway-key-statistics
1994-95,meter_gauge,net_tonne_km_per_route_km_per_annum,672.0,000s_net_tonne_km/route_km/year,national,OGD_68_Railway_Key_Statistics_1950-51_to_2013-14,https://data.gov.in/resource/railway-key-statistics
1995-96,broad_gauge,train_km_per_running_track_km_per_day,27.0,train_km/running_track_km/day,national,OGD_68_Railway_Key_Statistics_1950-51_to_2013-14,https://data.gov.in/resource/railway-key-statistics
1995-96,broad_gauge,passenger_km_per_route_km_per_annum,7546.0,000s_passenger_km/route_km/year,national,OGD_68_Railway_Key_Statistics_1950-51_to_2013-14,https://data.gov.in/resource/railway-key-statistics
1995-96,broad_gauge,net_tonne_km_per_route_km_per_annum,6454.0,000s_net_tonne_km/route_km/year,national,OGD_68_Railway_Key_Statistics_1950-51_to_2013-14,https://data.gov.in/resource/railway-key-statistics
1995-96,meter_gauge,train_km_per_running_track_km_per_day,11.8,train_km/running_track_km/day,national,OGD_68_Railway_Key_Statistics_1950-51_to_2013-14,https://data.gov.in/resource/railway-key-statistics
1995-96,meter_gauge,passenger_km_per_route_km_per_annum,1871.0,000s_passenger_km/route_km/year,national,OGD_68_Railway_Key_Statistics_1950-51_to_2013-14,https://data.gov.in/resource/railway-key-statistics
1995-96,meter_gauge,net_tonne_km_per_route_km_per_annum,608.0,000s_net_tonne_km/route_km/year,national,OGD_68_Railway_Key_Statistics_1950-51_to_2013-14,https://data.gov.in/resource/railway-key-statistics
1996-97,broad_gauge,train_km_per_running_track_km_per_day,26.9,train_km/running_track_km/day,national,OGD_68_Railway_Key_Statistics_1950-51_to_2013-14,https://data.gov.in/resource/railway-key-statistics
1996-97,broad_gauge,passenger_km_per_route_km_per_annum,7729.0,000s_passenger_km/route_km/year,national,OGD_68_Railway_Key_Statistics_1950-51_to_2013-14,https://data.gov.in/resource/railway-key-statistics
1996-97,broad_gauge,net_tonne_km_per_route_km_per_annum,6453.0,000s_net_tonne_km/route_km/year,national,OGD_68_Railway_Key_Statistics_1950-51_to_2013-14,https://data.gov.in/resource/railway-key-statistics
1996-97,meter_gauge,train_km_per_running_track_km_per_day,12.2,train_km/running_track_km/day,national,OGD_68_Railway_Key_Statistics_1950-51_to_2013-14,https://data.gov.in/resource/railway-key-statistics
1996-97,meter_gauge,passenger_km_per_route_km_per_annum,1868.0,000s_passenger_km/route_km/year,national,OGD_68_Railway_Key_Statistics_1950-51_to_2013-14,https://data.gov.in/resource/railway-key-statistics
1996-97,meter_gauge,net_tonne_km_per_route_km_per_annum,530.0,000s_net_tonne_km/route_km/year,national,OGD_68_Railway_Key_Statistics_1950-51_to_2013-14,https://data.gov.in/resource/railway-key-statistics
1997-98,broad_gauge,train_km_per_running_track_km_per_day,27.1,train_km/running_track_km/day,national,OGD_68_Railway_Key_Statistics_1950-51_to_2013-14,https://data.gov.in/resource/railway-key-statistics
1997-98,broad_gauge,passenger_km_per_route_km_per_annum,8044.0,000s_passenger_km/route_km/year,national,OGD_68_Railway_Key_Statistics_1950-51_to_2013-14,https://data.gov.in/resource/railway-key-statistics
1997-98,broad_gauge,net_tonne_km_per_route_km_per_annum,6522.0,000s_net_tonne_km/route_km/year,national,OGD_68_Railway_Key_Statistics_1950-51_to_2013-14,https://data.gov.in/resource/railway-key-statistics
1997-98,meter_gauge,train_km_per_running_track_km_per_day,11.2,train_km/running_track_km/day,national,OGD_68_Railway_Key_Statistics_1950-51_to_2013-14,https://data.gov.in/resource/railway-key-statistics
1997-98,meter_gauge,passenger_km_per_route_km_per_annum,2046.0,000s_passenger_km/route_km/year,national,OGD_68_Railway_Key_Statistics_1950-51_to_2013-14,https://data.gov.in/resource/railway-key-statistics
1997-98,meter_gauge,net_tonne_km_per_route_km_per_annum,359.0,000s_net_tonne_km/route_km/year,national,OGD_68_Railway_Key_Statistics_1950-51_to_2013-14,https://data.gov.in/resource/railway-key-statistics
1998-99,broad_gauge,train_km_per_running_track_km_per_day,27.1,train_km/running_track_km/day,national,OGD_68_Railway_Key_Statistics_1950-51_to_2013-14,https://data.gov.in/resource/railway-key-statistics
1998-99,broad_gauge,passenger_km_per_route_km_per_annum,8404.0,000s_passenger_km/route_km/year,national,OGD_68_Railway_Key_Statistics_1950-51_to_2013-14,https://data.gov.in/resource/railway-key-statistics
1998-99,broad_gauge,net_tonne_km_per_route_km_per_annum,6322.0,000s_net_tonne_km/route_km/year,national,OGD_68_Railway_Key_Statistics_1950-51_to_2013-14,https://data.gov.in/resource/railway-key-statistics
1998-99,meter_gauge,train_km_per_running_track_km_per_day,11.0,train_km/running_track_km/day,national,OGD_68_Railway_Key_Statistics_1950-51_to_2013-14,https://data.gov.in/resource/railway-key-statistics
1998-99,meter_gauge,passenger_km_per_route_km_per_annum,2065.0,000s_passenger_km/route_km/year,national,OGD_68_Railway_Key_Statistics_1950-51_to_2013-14,https://data.gov.in/resource/railway-key-statistics
1998-99,meter_gauge,net_tonne_km_per_route_km_per_annum,304.0,000s_net_tonne_km/route_km/year,national,OGD_68_Railway_Key_Statistics_1950-51_to_2013-14,https://data.gov.in/resource/railway-key-statistics
1999-00,broad_gauge,train_km_per_running_track_km_per_day,28.3,train_km/running_track_km/day,national,OGD_68_Railway_Key_Statistics_1950-51_to_2013-14,https://data.gov.in/resource/railway-key-statistics
1999-00,broad_gauge,passenger_km_per_route_km_per_annum,8977.0,000s_passenger_km/route_km/year,national,OGD_68_Railway_Key_Statistics_1950-51_to_2013-14,https://data.gov.in/resource/railway-key-statistics
1999-00,broad_gauge,net_tonne_km_per_route_km_per_annum,6854.0,000s_net_tonne_km/route_km/year,national,OGD_68_Railway_Key_Statistics_1950-51_to_2013-14,https://data.gov.in/resource/railway-key-statistics
1999-00,meter_gauge,train_km_per_running_track_km_per_day,11.1,train_km/running_track_km/day,national,OGD_68_Railway_Key_Statistics_1950-51_to_2013-14,https://data.gov.in/resource/railway-key-statistics
1999-00,meter_gauge,passenger_km_per_route_km_per_annum,2096.0,000s_passenger_km/route_km/year,national,OGD_68_Railway_Key_Statistics_1950-51_to_2013-14,https://data.gov.in/resource/railway-key-statistics
1999-00,meter_gauge,net_tonne_km_per_route_km_per_annum,250.0,000s_net_tonne_km/route_km/year,national,OGD_68_Railway_Key_Statistics_1950-51_to_2013-14,https://data.gov.in/resource/railway-key-statistics
2000-01,broad_gauge,train_km_per_running_track_km_per_day,28.4,train_km/running_track_km/day,national,OGD_68_Railway_Key_Statistics_1950-51_to_2013-14,https://data.gov.in/resource/railway-key-statistics
2000-01,broad_gauge,passenger_km_per_route_km_per_annum,9493.0,000s_passenger_km/route_km/year,national,OGD_68_Railway_Key_Statistics_1950-51_to_2013-14,https://data.gov.in/resource/railway-key-statistics
2000-01,broad_gauge,net_tonne_km_per_route_km_per_annum,6964.0,000s_net_tonne_km/route_km/year,national,OGD_68_Railway_Key_Statistics_1950-51_to_2013-14,https://data.gov.in/resource/railway-key-statistics
2000-01,meter_gauge,train_km_per_running_track_km_per_day,10.9,train_km/running_track_km/day,national,OGD_68_Railway_Key_Statistics_1950-51_to_2013-14,https://data.gov.in/resource/railway-key-statistics
2000-01,meter_gauge,passenger_km_per_route_km_per_annum,2083.0,000s_passenger_km/route_km/year,national,OGD_68_Railway_Key_Statistics_1950-51_to_2013-14,https://data.gov.in/resource/railway-key-statistics
2000-01,meter_gauge,net_tonne_km_per_route_km_per_annum,242.0,000s_net_tonne_km/route_km/year,national,OGD_68_Railway_Key_Statistics_1950-51_to_2013-14,https://data.gov.in/resource/railway-key-statistics
2001-02,broad_gauge,train_km_per_running_track_km_per_day,29.4,train_km/running_track_km/day,national,OGD_68_Railway_Key_Statistics_1950-51_to_2013-14,https://data.gov.in/resource/railway-key-statistics
2001-02,broad_gauge,passenger_km_per_route_km_per_annum,10182.0,000s_passenger_km/route_km/year,national,OGD_68_Railway_Key_Statistics_1950-51_to_2013-14,https://data.gov.in/resource/railway-key-statistics
2001-02,broad_gauge,net_tonne_km_per_route_km_per_annum,7379.0,000s_net_tonne_km/route_km/year,national,OGD_68_Railway_Key_Statistics_1950-51_to_2013-14,https://data.gov.in/resource/railway-key-statistics
2001-02,meter_gauge,train_km_per_running_track_km_per_day,11.1,train_km/running_track_km/day,national,OGD_68_Railway_Key_Statistics_1950-51_to_2013-14,https://data.gov.in/resource/railway-key-statistics
2001-02,meter_gauge,passenger_km_per_route_km_per_annum,2268.0,000s_passenger_km/route_km/year,national,OGD_68_Railway_Key_Statistics_1950-51_to_2013-14,https://data.gov.in/resource/railway-key-statistics
2001-02,meter_gauge,net_tonne_km_per_route_km_per_annum,241.0,000s_net_tonne_km/route_km/year,national,OGD_68_Railway_Key_Statistics_1950-51_to_2013-14,https://data.gov.in/resource/railway-key-statistics
2002-03,broad_gauge,train_km_per_running_track_km_per_day,30.3,train_km/running_track_km/day,national,OGD_68_Railway_Key_Statistics_1950-51_to_2013-14,https://data.gov.in/resource/railway-key-statistics
2002-03,broad_gauge,passenger_km_per_route_km_per_annum,10518.0,000s_passenger_km/route_km/year,national,OGD_68_Railway_Key_Statistics_1950-51_to_2013-14,https://data.gov.in/resource/railway-key-statistics
2002-03,broad_gauge,net_tonne_km_per_route_km_per_annum,7741.0,000s_net_tonne_km/route_km/year,national,OGD_68_Railway_Key_Statistics_1950-51_to_2013-14,https://data.gov.in/resource/railway-key-statistics
2002-03,meter_gauge,train_km_per_running_track_km_per_day,11.1,train_km/running_track_km/day,national,OGD_68_Railway_Key_Statistics_1950-51_to_2013-14,https://data.gov.in/resource/railway-key-statistics
2002-03,meter_gauge,passenger_km_per_route_km_per_annum,2397.0,000s_passenger_km/route_km/year,national,OGD_68_Railway_Key_Statistics_1950-51_to_2013-14,https://data.gov.in/resource/railway-key-statistics
2002-03,meter_gauge,net_tonne_km_per_route_km_per_annum,193.0,000s_net_tonne_km/route_km/year,national,OGD_68_Railway_Key_Statistics_1950-51_to_2013-14,https://data.gov.in/resource/railway-key-statistics
2003-04,broad_gauge,train_km_per_running_track_km_per_day,29.6,train_km/running_track_km/day,national,OGD_68_Railway_Key_Statistics_1950-51_to_2013-14,https://data.gov.in/resource/railway-key-statistics
2003-04,broad_gauge,passenger_km_per_route_km_per_annum,10764.0,000s_passenger_km/route_km/year,national,OGD_68_Railway_Key_Statistics_1950-51_to_2013-14,https://data.gov.in/resource/railway-key-statistics
2003-04,broad_gauge,net_tonne_km_per_route_km_per_annum,8140.0,000s_net_tonne_km/route_km/year,national,OGD_68_Railway_Key_Statistics_1950-51_to_2013-14,https://data.gov.in/resource/railway-key-statistics
2003-04,meter_gauge,train_km_per_running_track_km_per_day,10.9,train_km/running_track_km/day,national,OGD_68_Railway_Key_Statistics_1950-51_to_2013-14,https://data.gov.in/resource/railway-key-statistics
2003-04,meter_gauge,passenger_km_per_route_km_per_annum,2.753,000s_passenger_km/route_km/year,national,OGD_68_Railway_Key_Statistics_1950-51_to_2013-14,https://data.gov.in/resource/railway-key-statistics
2003-04,meter_gauge,net_tonne_km_per_route_km_per_annum,225.0,000s_net_tonne_km/route_km/year,national,OGD_68_Railway_Key_Statistics_1950-51_to_2013-14,https://data.gov.in/resource/railway-key-statistics
2004-05,broad_gauge,train_km_per_running_track_km_per_day,30.3,train_km/running_track_km/day,national,OGD_68_Railway_Key_Statistics_1950-51_to_2013-14,https://data.gov.in/resource/railway-key-statistics
2004-05,broad_gauge,passenger_km_per_route_km_per_annum,11510.0,000s_passenger_km/route_km/year,national,OGD_68_Railway_Key_Statistics_1950-51_to_2013-14,https://data.gov.in/resource/railway-key-statistics
2004-05,broad_gauge,net_tonne_km_per_route_km_per_annum,8569.0,000s_net_tonne_km/route_km/year,national,OGD_68_Railway_Key_Statistics_1950-51_to_2013-14,https://data.gov.in/resource/railway-key-statistics
2004-05,meter_gauge,train_km_per_running_track_km_per_day,10.5,train_km/running_track_km/day,national,OGD_68_Railway_Key_Statistics_1950-51_to_2013-14,https://data.gov.in/resource/railway-key-statistics
2004-05,meter_gauge,passenger_km_per_route_km_per_annum,2001.0,000s_passenger_km/route_km/year,national,OGD_68_Railway_Key_Statistics_1950-51_to_2013-14,https://data.gov.in/resource/railway-key-statistics
2004-05,meter_gauge,net_tonne_km_per_route_km_per_annum,167.0,000s_net_tonne_km/route_km/year,national,OGD_68_Railway_Key_Statistics_1950-51_to_2013-14,https://data.gov.in/resource/railway-key-statistics
2005-06,broad_gauge,train_km_per_running_track_km_per_day,31.0,train_km/running_track_km/day,national,OGD_68_Railway_Key_Statistics_1950-51_to_2013-14,https://data.gov.in/resource/railway-key-statistics
2005-06,broad_gauge,passenger_km_per_route_km_per_annum,12162.0,000s_passenger_km/route_km/year,national,OGD_68_Railway_Key_Statistics_1950-51_to_2013-14,https://data.gov.in/resource/railway-key-statistics
2005-06,broad_gauge,net_tonne_km_per_route_km_per_annum,9052.0,000s_net_tonne_km/route_km/year,national,OGD_68_Railway_Key_Statistics_1950-51_to_2013-14,https://data.gov.in/resource/railway-key-statistics
2005-06,meter_gauge,train_km_per_running_track_km_per_day,9.7,train_km/running_track_km/day,national,OGD_68_Railway_Key_Statistics_1950-51_to_2013-14,https://data.gov.in/resource/railway-key-statistics
2005-06,meter_gauge,passenger_km_per_route_km_per_annum,2044.0,000s_passenger_km/route_km/year,national,OGD_68_Railway_Key_Statistics_1950-51_to_2013-14,https://data.gov.in/resource/railway-key-statistics
2005-06,meter_gauge,net_tonne_km_per_route_km_per_annum,163.0,000s_net_tonne_km/route_km/year,national,OGD_68_Railway_Key_Statistics_1950-51_to_2013-14,https://data.gov.in/resource/railway-key-statistics
2006-07,broad_gauge,train_km_per_running_track_km_per_day,31.6,train_km/running_track_km/day,national,OGD_68_Railway_Key_Statistics_1950-51_to_2013-14,https://data.gov.in/resource/railway-key-statistics
2006-07,broad_gauge,passenger_km_per_route_km_per_annum,13473.0,000s_passenger_km/route_km/year,national,OGD_68_Railway_Key_Statistics_1950-51_to_2013-14,https://data.gov.in/resource/railway-key-statistics
2006-07,broad_gauge,net_tonne_km_per_route_km_per_annum,9674.0,000s_net_tonne_km/route_km/year,national,OGD_68_Railway_Key_Statistics_1950-51_to_2013-14,https://data.gov.in/resource/railway-key-statistics
2006-07,meter_gauge,train_km_per_running_track_km_per_day,9.0,train_km/running_track_km/day,national,OGD_68_Railway_Key_Statistics_1950-51_to_2013-14,https://data.gov.in/resource/railway-key-statistics
2006-07,meter_gauge,passenger_km_per_route_km_per_annum,2153.0,000s_passenger_km/route_km/year,national,OGD_68_Railway_Key_Statistics_1950-51_to_2013-14,https://data.gov.in/resource/railway-key-statistics
2006-07,meter_gauge,net_tonne_km_per_route_km_per_annum,139.0,000s_net_tonne_km/route_km/year,national,OGD_68_Railway_Key_Statistics_1950-51_to_2013-14,https://data.gov.in/resource/railway-key-statistics
2007-08,broad_gauge,train_km_per_running_track_km_per_day,32.6,train_km/running_track_km/day,national,OGD_68_Railway_Key_Statistics_1950-51_to_2013-14,https://data.gov.in/resource/railway-key-statistics
2007-08,broad_gauge,passenger_km_per_route_km_per_annum,14635.0,000s_passenger_km/route_km/year,national,OGD_68_Railway_Key_Statistics_1950-51_to_2013-14,https://data.gov.in/resource/railway-key-statistics
2007-08,broad_gauge,net_tonne_km_per_route_km_per_annum,10222.0,000s_net_tonne_km/route_km/year,national,OGD_68_Railway_Key_Statistics_1950-51_to_2013-14,https://data.gov.in/resource/railway-key-statistics
2007-08,meter_gauge,train_km_per_running_track_km_per_day,8.5,train_km/running_track_km/day,national,OGD_68_Railway_Key_Statistics_1950-51_to_2013-14,https://data.gov.in/resource/railway-key-statistics
2007-08,meter_gauge,passenger_km_per_route_km_per_annum,2285.0,000s_passenger_km/route_km/year,national,OGD_68_Railway_Key_Statistics_1950-51_to_2013-14,https://data.gov.in/resource/railway-key-statistics
2007-08,meter_gauge,net_tonne_km_per_route_km_per_annum,111.0,000s_net_tonne_km/route_km/year,national,OGD_68_Railway_Key_Statistics_1950-51_to_2013-14,https://data.gov.in/resource/railway-key-statistics
2008-09,broad_gauge,train_km_per_running_track_km_per_day,33.1,train_km/running_track_km/day,national,OGD_68_Railway_Key_Statistics_1950-51_to_2013-14,https://data.gov.in/resource/railway-key-statistics
2008-09,broad_gauge,passenger_km_per_route_km_per_annum,15533.0,000s_passenger_km/route_km/year,national,OGD_68_Railway_Key_Statistics_1950-51_to_2013-14,https://data.gov.in/resource/railway-key-statistics
2008-09,broad_gauge,net_tonne_km_per_route_km_per_annum,10440.0,000s_net_tonne_km/route_km/year,national,OGD_68_Railway_Key_Statistics_1950-51_to_2013-14,https://data.gov.in/resource/railway-key-statistics
2008-09,meter_gauge,train_km_per_running_track_km_per_day,7.6,train_km/running_track_km/day,national,OGD_68_Railway_Key_Statistics_1950-51_to_2013-14,https://data.gov.in/resource/railway-key-statistics
2008-09,meter_gauge,passenger_km_per_route_km_per_annum,2006.0,000s_passenger_km/route_km/year,national,OGD_68_Railway_Key_Statistics_1950-51_to_2013-14,https://data.gov.in/resource/railway-key-statistics
2008-09,meter_gauge,net_tonne_km_per_route_km_per_annum,83.0,000s_net_tonne_km/route_km/year,national,OGD_68_Railway_Key_Statistics_1950-51_to_2013-14,https://data.gov.in/resource/railway-key-statistics
2009-10,broad_gauge,train_km_per_running_track_km_per_day,34.2,train_km/running_track_km/day,national,OGD_68_Railway_Key_Statistics_1950-51_to_2013-14,https://data.gov.in/resource/railway-key-statistics
2009-10,broad_gauge,passenger_km_per_route_km_per_annum,16354.0,000s_passenger_km/route_km/year,national,OGD_68_Railway_Key_Statistics_1950-51_to_2013-14,https://data.gov.in/resource/railway-key-statistics
2009-10,broad_gauge,net_tonne_km_per_route_km_per_annum,11070.0,000s_net_tonne_km/route_km/year,national,OGD_68_Railway_Key_Statistics_1950-51_to_2013-14,https://data.gov.in/resource/railway-key-statistics
2009-10,meter_gauge,train_km_per_running_track_km_per_day,7.6,train_km/running_track_km/day,national,OGD_68_Railway_Key_Statistics_1950-51_to_2013-14,https://data.gov.in/resource/railway-key-statistics
2009-10,meter_gauge,passenger_km_per_route_km_per_annum,2111.0,000s_passenger_km/route_km/year,national,OGD_68_Railway_Key_Statistics_1950-51_to_2013-14,https://data.gov.in/resource/railway-key-statistics
2009-10,meter_gauge,net_tonne_km_per_route_km_per_annum,91.0,000s_net_tonne_km/route_km/year,national,OGD_68_Railway_Key_Statistics_1950-51_to_2013-14,https://data.gov.in/resource/railway-key-statistics
2010-11,broad_gauge,train_km_per_running_track_km_per_day,35.4,train_km/running_track_km/day,national,OGD_68_Railway_Key_Statistics_1950-51_to_2013-14,https://data.gov.in/resource/railway-key-statistics
2010-11,broad_gauge,passenger_km_per_route_km_per_annum,17360.0,000s_passenger_km/route_km/year,national,OGD_68_Railway_Key_Statistics_1950-51_to_2013-14,https://data.gov.in/resource/railway-key-statistics
2010-11,broad_gauge,net_tonne_km_per_route_km_per_annum,11345.0,000s_net_tonne_km/route_km/year,national,OGD_68_Railway_Key_Statistics_1950-51_to_2013-14,https://data.gov.in/resource/railway-key-statistics
2010-11,meter_gauge,train_km_per_running_track_km_per_day,7.6,train_km/running_track_km/day,national,OGD_68_Railway_Key_Statistics_1950-51_to_2013-14,https://data.gov.in/resource/railway-key-statistics
2010-11,meter_gauge,passenger_km_per_route_km_per_annum,2912.0,000s_passenger_km/route_km/year,national,OGD_68_Railway_Key_Statistics_1950-51_to_2013-14,https://data.gov.in/resource/railway-key-statistics
2010-11,meter_gauge,net_tonne_km_per_route_km_per_annum,95.0,000s_net_tonne_km/route_km/year,national,OGD_68_Railway_Key_Statistics_1950-51_to_2013-14,https://data.gov.in/resource/railway-key-statistics
2011-12,broad_gauge,train_km_per_running_track_km_per_day,35.5,train_km/running_track_km/day,national,OGD_68_Railway_Key_Statistics_1950-51_to_2013-14,https://data.gov.in/resource/railway-key-statistics
2011-12,broad_gauge,passenger_km_per_route_km_per_annum,18300.0,000s_passenger_km/route_km/year,national,OGD_68_Railway_Key_Statistics_1950-51_to_2013-14,https://data.gov.in/resource/railway-key-statistics
2011-12,broad_gauge,net_tonne_km_per_route_km_per_annum,11940.0,000s_net_tonne_km/route_km/year,national,OGD_68_Railway_Key_Statistics_1950-51_to_2013-14,https://data.gov.in/resource/railway-key-statistics
2011-12,meter_gauge,train_km_per_running_track_km_per_day,7.5,train_km/running_track_km/day,national,OGD_68_Railway_Key_Statistics_1950-51_to_2013-14,https://data.gov.in/resource/railway-key-statistics
2011-12,meter_gauge,passenger_km_per_route_km_per_annum,3386.0,000s_passenger_km/route_km/year,national,OGD_68_Railway_Key_Statistics_1950-51_to_2013-14,https://data.gov.in/resource/railway-key-statistics
2011-12,meter_gauge,net_tonne_km_per_route_km_per_annum,82.0,000s_net_tonne_km/route_km/year,national,OGD_68_Railway_Key_Statistics_1950-51_to_2013-14,https://data.gov.in/resource/railway-key-statistics
2012-13,broad_gauge,train_km_per_running_track_km_per_day,36.1,train_km/running_track_km/day,national,OGD_68_Railway_Key_Statistics_1950-51_to_2013-14,https://data.gov.in/resource/railway-key-statistics
2012-13,broad_gauge,passenger_km_per_route_km_per_annum,18103.0,000s_passenger_km/route_km/year,national,OGD_68_Railway_Key_Statistics_1950-51_to_2013-14,https://data.gov.in/resource/railway-key-statistics
2012-13,broad_gauge,net_tonne_km_per_route_km_per_annum,11379.0,000s_net_tonne_km/route_km/year,national,OGD_68_Railway_Key_Statistics_1950-51_to_2013-14,https://data.gov.in/resource/railway-key-statistics
2012-13,meter_gauge,train_km_per_running_track_km_per_day,6.8,train_km/running_track_km/day,national,OGD_68_Railway_Key_Statistics_1950-51_to_2013-14,https://data.gov.in/resource/railway-key-statistics
2012-13,meter_gauge,passenger_km_per_route_km_per_annum,2870.0,000s_passenger_km/route_km/year,national,OGD_68_Railway_Key_Statistics_1950-51_to_2013-14,https://data.gov.in/resource/railway-key-statistics
2012-13,meter_gauge,net_tonne_km_per_route_km_per_annum,75.0,000s_net_tonne_km/route_km/year,national,OGD_68_Railway_Key_Statistics_1950-51_to_2013-14,https://data.gov.in/resource/railway-key-statistics
2013-14,broad_gauge,train_km_per_running_track_km_per_day,37.9,train_km/running_track_km/day,national,OGD_68_Railway_Key_Statistics_1950-51_to_2013-14,https://data.gov.in/resource/railway-key-statistics
2013-14,broad_gauge,passenger_km_per_route_km_per_annum,18798.0,000s_passenger_km/route_km/year,national,OGD_68_Railway_Key_Statistics_1950-51_to_2013-14,https://data.gov.in/resource/railway-key-statistics
2013-14,broad_gauge,net_tonne_km_per_route_km_per_annum,11450.0,000s_net_tonne_km/route_km/year,national,OGD_68_Railway_Key_Statistics_1950-51_to_2013-14,https://data.gov.in/resource/railway-key-statistics
2013-14,meter_gauge,train_km_per_running_track_km_per_day,7.2,train_km/running_track_km/day,national,OGD_68_Railway_Key_Statistics_1950-51_to_2013-14,https://data.gov.in/resource/railway-key-statistics
2013-14,meter_gauge,passenger_km_per_route_km_per_annum,3038.0,000s_passenger_km/route_km/year,national,OGD_68_Railway_Key_Statistics_1950-51_to_2013-14,https://data.gov.in/resource/railway-key-statistics
2013-14,meter_gauge,net_tonne_km_per_route_km_per_annum,111.0,000s_net_tonne_km/route_km/year,national,OGD_68_Railway_Key_Statistics_1950-51_to_2013-14,https://data.gov.in/resource/railway-key-statistics
